datetime,signal_datetime,trigger,trigger_type,signal_regime,signal_transition,desired_weight,scheduled_target_weight,side,exec_price,trade_notional,btc_delta,fee_paid,pre_trade_equity,pre_trade_weight
2021-01-01 04:00:00+08:00,2021-01-01 00:00:00+08:00,Bull,regime,Bull,START,0.9,0.25,BUY,28926.737839999998,25000.0,0.864252310035109,12.5,100000.0,0.0
2021-01-01 08:00:00+08:00,2021-01-01 04:00:00+08:00,Bull,regime,Bull,Bull,0.9,0.5000111070024605,BUY,28952.55363,24996.203510525196,0.863350564166633,12.498101755262597,99984.81404210078,0.25001110700246054
2021-01-01 12:00:00+08:00,2021-01-01 08:00:00+08:00,Bull,regime,Bull,Bull,0.9,0.7529964604602944,BUY,29307.688409999995,25140.061594936968,0.8577974913353793,12.570030797468483,100560.24637974783,0.5029964604602944
2021-01-05 16:00:00+08:00,2021-01-05 12:00:00+08:00,Bull -> Bear,transition,Bear,Bull -> Bear,0.15,0.5124345745132495,SELL,30786.962219999998,26125.61014625601,-0.8485933090626313,13.062805073128006,104502.44058502404,0.7624345745132495
2021-01-07 00:00:00+08:00,2021-01-06 20:00:00+08:00,Bull,regime,Bull,Bull,0.9,0.7909831501501116,BUY,34600.746179999995,27743.379202651486,0.8018144770151743,13.871689601325743,110973.51681060594,0.5409831501501116
2021-01-12 00:00:00+08:00,2021-01-11 20:00:00+08:00,Bull -> Bear,transition,Bear,Bull -> Bear,0.15,0.52570189186013,SELL,31551.23718,25837.7828096297,-0.8189150448277193,12.91889140481485,103351.13123851878,0.77570189186013
2021-01-13 08:00:00+08:00,2021-01-13 04:00:00+08:00,Bear,regime,Bear,Bear,0.2,0.2944004030563364,SELL,34015.10085,26891.116376031307,-0.7905640643141384,13.445558188015653,107564.46550412523,0.5444004030563364
2021-01-20 04:00:00+08:00,2021-01-20 00:00:00+08:00,Bear -> Bull,transition,Bull,Bear -> Bull,1.0,0.5575842769048999,BUY,36317.94166,27398.279464171348,0.7544006684262995,13.699139732085674,109593.11785668539,0.30758427690489987
2021-01-21 12:00:00+08:00,2021-01-21 08:00:00+08:00,Bear,regime,Bear,Bear,0.2,0.2956057989240525,SELL,34537.84758,26668.48478056297,-0.772152483410866,13.334242390281485,106673.93912225188,0.5456057989240525
2021-02-03 12:00:00+08:00,2021-02-03 08:00:00+08:00,Bear -> Bull,transition,Bull,Bear -> Bull,1.0,0.5563366958413903,BUY,36439.87347,27076.237646872258,0.7430387393952786,13.538118823436129,108304.95058748903,0.30633669584139034
2021-02-04 20:00:00+08:00,2021-02-04 16:00:00+08:00,Bull,regime,Bull,Bull,0.9,0.8124355793930188,BUY,37356.749429999996,27445.898165646286,0.7346971721154457,13.722949082823144,109783.59266258516,0.5624355793930188
2021-02-23 20:00:00+08:00,2021-02-23 16:00:00+08:00,Bull -> Bear,transition,Bear,Bull -> Bear,0.15,0.5933481058294438,SELL,46312.78086,32839.96837348092,-0.709090833322094,16.41998418674046,131359.87349392372,0.8433481058294438
2021-02-25 04:00:00+08:00,2021-02-25 00:00:00+08:00,Bear,regime,Bear,Bear,0.2,0.3563467934332176,SELL,48910.97007,33913.93776254087,-0.6933810086776891,16.956968881270434,135655.75105016344,0.6063467934332176
2021-03-04 08:00:00+08:00,2021-03-04 04:00:00+08:00,Bear -> Bull,transition,Bull,Bear -> Bull,1.0,0.6126732745294585,BUY,50399.71937,34243.93591816222,0.6794469561778081,17.12196795908111,136975.7436726489,0.3626732745294585
2021-03-05 16:00:00+08:00,2021-03-05 12:00:00+08:00,Bull,regime,Bull,Bull,0.9,0.848133097962822,BUY,47427.38,32994.28494160589,0.6956801101306016,16.497142470802945,131977.13976642356,0.598133097962822
2021-03-16 16:00:00+08:00,2021-03-16 12:00:00+08:00,Bull -> Bear,transition,Bear,Bull -> Bear,0.15,0.6169257039013017,SELL,55184.57019,37622.70926973458,-0.6817613898269012,18.81135463486729,150490.83707893832,0.8669257039013017
2021-03-18 00:00:00+08:00,2021-03-17 20:00:00+08:00,Bear,regime,Bear,Bear,0.2,0.36557688452830484,SELL,54875.07,37478.46956209283,-0.6829780729590473,18.739234781046417,149913.87824837133,0.6155768845283048
2021-03-19 00:00:00+08:00,2021-03-18 20:00:00+08:00,Bear -> Bull,transition,Bull,Bear -> Bull,1.0,0.6343216915511489,BUY,59593.203669999995,38611.921660666616,0.6479249189971703,19.30596083033331,154447.6866426664,0.38432169155114887
2021-03-20 08:00:00+08:00,2021-03-20 04:00:00+08:00,Bull,regime,Bull,Bull,0.9,0.8783555274925511,BUY,58088.04001,37979.08149526328,0.6538192972034361,18.98954074763164,151916.3259810531,0.6283555274925511
2021-03-24 00:00:00+08:00,2021-03-23 20:00:00+08:00,Bull -> Bear,transition,Bear,Bull -> Bear,0.15,0.6229241363022011,SELL,55110.034799999994,36318.446440759784,-0.6590169389760535,18.159223220379893,145273.78576303917,0.8729241363022011
2021-03-25 08:00:00+08:00,2021-03-25 04:00:00+08:00,Bear,regime,Bear,Bear,0.2,0.3603163499963987,SELL,52251.356340000006,35131.75303577694,-0.6723605949513413,17.565876517888473,140527.01214310774,0.6103163499963987
2021-03-29 00:00:00+08:00,2021-03-28 20:00:00+08:00,Bear -> Bull,transition,Bull,Bear -> Bull,1.0,0.6275648049415197,BUY,56413.33698,36098.24239085707,0.6398884434660342,18.049121195428537,144392.96956342825,0.3775648049415196
2021-03-30 08:00:00+08:00,2021-03-30 04:00:00+08:00,Bull,regime,Bull,Bull,0.9,0.8827846488583935,BUY,57693.09545999999,36599.07905273173,0.6343753747466497,18.299539526365866,146396.31621092692,0.6327846488583935
2021-04-04 00:00:00+08:00,2021-04-03 20:00:00+08:00,Bull -> Consolidation,transition,Consolidation,Bull -> Consolidation,0.35,0.6349705408949256,SELL,58771.16001,37254.79586780672,-0.6338958744640698,18.62739793390336,149019.18347122695,0.8849705408949256
2021-04-11 12:00:00+08:00,2021-04-11 08:00:00+08:00,Consolidation -> Bull,transition,Bull,Consolidation -> Bull,0.85,0.85,BUY,60328.84858,31686.335175645043,0.5252269174941552,15.843167587822522,151276.195768019,0.6405398465715265
2021-04-12 20:00:00+08:00,2021-04-12 16:00:00+08:00,Consolidation,regime,Consolidation,Consolidation,0.55,0.6000003587252675,SELL,60181.2585,37792.73404408258,-0.6279817834664022,18.89636702204129,151170.93617633032,0.8500003587252675
2021-04-14 12:00:00+08:00,2021-04-14 08:00:00+08:00,Consolidation -> Bull,transition,Bull,Consolidation -> Bull,0.85,0.85,BUY,63812.93919,36990.41987276042,0.579669583352417,18.495209936380213,156393.3600127678,0.6134783224189279
2021-04-17 08:00:00+08:00,2021-04-17 04:00:00+08:00,Bull -> Consolidation,transition,Consolidation,Bull -> Consolidation,0.35,0.5950774092516161,SELL,61273.47519,37826.16318050328,-0.6173334067181588,18.91308159025164,151304.6527220131,0.8450774092516161
2021-04-19 08:00:00+08:00,2021-04-19 04:00:00+08:00,Consolidation -> Bear,transition,Bear,Consolidation -> Bear,0.2,0.3236021615658492,SELL,56093.859990000004,35909.98439146072,-0.6401767394481764,17.95499219573036,143639.9375658429,0.5736021615658492
2021-04-28 00:00:00+08:00,2021-04-27 20:00:00+08:00,Bear -> Bull,transition,Bull,Bear -> Bull,1.0,0.5688897560585783,BUY,55036.84185999999,35654.943217426924,0.6478377394568572,17.827471608713463,142619.7728697077,0.3188897560585783
2021-04-29 08:00:00+08:00,2021-04-29 04:00:00+08:00,Bull,regime,Bull,Bull,0.9,0.818247254923701,BUY,54901.07623,35591.56154887835,0.6482853159339305,17.795780774439176,142366.2461955134,0.568247254923701
2021-04-30 16:00:00+08:00,2021-04-30 12:00:00+08:00,Bull -> Consolidation,transition,Consolidation,Bull -> Consolidation,0.35,0.5669299613581097,SELL,54288.76689,35311.158045431745,-0.6504321256177964,17.655579022715873,141244.632181727,0.8169299613581097
2021-05-02 00:00:00+08:00,2021-05-01 20:00:00+08:00,Bull,regime,Bull,Bull,0.9,0.8300925204938914,BUY,57413.94658999999,36407.52172943122,0.6341233078684135,18.20376086471561,145630.08691772487,0.5800925204938914
2021-05-05 20:00:00+08:00,2021-05-05 16:00:00+08:00,Bull -> Bear,transition,Bear,Bull -> Bear,0.15,0.5744427749378137,SELL,55053.841049999995,35209.93972025807,-0.6395546441215672,17.604969860129035,140839.75888103232,0.8244427749378137
2021-05-07 04:00:00+08:00,2021-05-07 00:00:00+08:00,Bear,regime,Bear,Bear,0.2,0.32888289312159247,SELL,56072.29158,35570.73021927835,-0.6343726859910575,17.785365109639176,142282.92087711344,0.5788828931215925
2021-05-07 20:00:00+08:00,2021-05-07 16:00:00+08:00,Bear -> Consolidation,transition,Consolidation,Bear -> Consolidation,0.6,0.5800756907078756,BUY,56521.204739999994,35627.4266838545,0.6303373547634418,17.81371334192725,142509.706735418,0.33007569070787557
2021-05-09 08:00:00+08:00,2021-05-09 04:00:00+08:00,Consolidation -> Bull,transition,Bull,Consolidation -> Bull,0.85,0.840136911964307,BUY,58925.39652999999,36491.13460160003,0.6192768610903064,18.245567300800015,145964.53840640016,0.590136911964307
2021-05-10 16:00:00+08:00,2021-05-10 12:00:00+08:00,Consolidation,regime,Consolidation,Consolidation,0.55,0.589069075004866,SELL,58311.799829999996,36220.65847001725,-0.6211548704655591,18.110329235008628,144882.63388006904,0.839069075004866
2021-05-12 00:00:00+08:00,2021-05-11 20:00:00+08:00,Consolidation -> Bear,transition,Bear,Consolidation -> Bear,0.2,0.3291992557631481,SELL,55996.77717,35360.348836106394,-0.6314711421472757,17.6801744180532,141441.39534442557,0.5791992557631481
2021-06-04 08:00:00+08:00,2021-06-04 04:00:00+08:00,Bear -> Bull,transition,Bull,Bear -> Bull,1.0,0.5056298919063762,BUY,39286.02677999999,31859.59244503614,0.8109649933155227,15.929796222518071,127438.3697801446,0.25562989190637625
2021-06-05 16:00:00+08:00,2021-06-05 12:00:00+08:00,Bear,regime,Bear,Bear,0.2,0.24473488049875342,SELL,37544.547869999995,31164.723437389064,-0.8300732118362055,15.582361718694532,124658.89374955627,0.4947348804987534
2021-06-12 08:00:00+08:00,2021-06-12 04:00:00+08:00,Bear -> Bull,transition,Bull,Bear -> Bull,1.0,0.49334453229917663,BUY,37369.31198,31102.310080759726,0.8322954968345587,15.551155040379863,124409.24032303889,0.2433445322991766
2021-06-13 16:00:00+08:00,2021-06-13 12:00:00+08:00,Bear,regime,Bear,Bear,0.2,0.22915793459832623,SELL,35246.73798,30247.686810076593,-0.8581698206296421,15.123843405038297,120990.74724030637,0.47915793459832623
2021-06-15 00:00:00+08:00,2021-06-14 20:00:00+08:00,Bear -> Bull,transition,Bull,Bear -> Bull,1.0,0.5051390628522388,BUY,40726.055369999995,31297.665444397666,0.768492434635652,15.648832722198833,125190.66177759065,0.25513906285223875
2021-06-16 08:00:00+08:00,2021-06-16 04:00:00+08:00,Bull,regime,Bull,Bull,0.9,0.7517301131034141,BUY,40183.9438,31075.68860043282,0.7733359561495509,15.53784430021641,124302.75440173128,0.5017301131034141
2021-06-19 00:00:00+08:00,2021-06-18 20:00:00+08:00,Bull -> Bear,transition,Bear,Bull -> Bear,0.15,0.4828038000047665,SELL,36319.614030000004,28859.965946841636,-0.7946110309157829,14.429982973420818,115439.86378736651,0.7328038000047665
2021-06-20 08:00:00+08:00,2021-06-20 04:00:00+08:00,Bear,regime,Bear,Bear,0.2,0.22668273262072963,SELL,35448.236280000005,28515.507043530986,-0.8044266805911445,14.257753521765494,114062.02817412396,0.47668273262072963
2021-06-29 08:00:00+08:00,2021-06-29 04:00:00+08:00,Bear -> Bull,transition,Bull,Bear -> Bull,1.0,0.4716039391371737,BUY,34529.384889999994,28324.872972786932,0.8203121214878653,14.162436486393466,113299.49189114773,0.2216039391371737
2021-06-30 16:00:00+08:00,2021-06-30 12:00:00+08:00,Bull,regime,Bull,Bull,0.9,0.7269338667197963,BUY,35285.790539999995,28606.728178525052,0.8107152409153607,14.303364089262526,114426.91271410024,0.4769338667197963
2021-07-02 08:00:00+08:00,2021-07-02 04:00:00+08:00,Bull -> Bear,transition,Bear,Bull -> Bear,0.15,0.4667587527522329,SELL,33468.82767,27566.439861265368,-0.8236452179642588,13.783219930632685,110265.7594450615,0.7167587527522329
2021-07-03 16:00:00+08:00,2021-07-03 12:00:00+08:00,Bear,regime,Bear,Bear,0.2,0.22396345175227644,SELL,34465.03047,27937.444684733746,-0.8106026399440391,13.968722342366874,111749.77873893498,0.47396345175227644
2021-07-04 12:00:00+08:00,2021-07-04 08:00:00+08:00,Bear -> Bull,transition,Bull,Bear -> Bull,1.0,0.474511816867188,BUY,34676.26162,27952.696676622912,0.8061046771114687,13.976348338311457,111810.78670649165,0.224511816867188
2021-07-05 20:00:00+08:00,2021-07-05 16:00:00+08:00,Bull,regime,Bull,Bull,0.9,0.7151989259917905,BUY,33413.33996,27459.402041049667,0.8218095549239331,13.729701020524834,109837.6081641987,0.46519892599179047
2021-07-06 08:00:00+08:00,2021-07-06 04:00:00+08:00,Bull -> Consolidation,transition,Consolidation,Bull -> Consolidation,0.35,0.46709739847995335,SELL,33656.45985,27631.540769359526,-0.820987735861338,13.815770384679764,110526.16307743809,0.7170973984799534
2021-07-20 20:00:00+08:00,2021-07-20 16:00:00+08:00,Consolidation -> Bear,transition,Bear,Consolidation -> Bear,0.2,0.2,SELL,29663.93637,24604.113584194398,-0.8294284776405215,12.302056792097199,104362.47206725675,0.43575633172370803
2021-07-22 20:00:00+08:00,2021-07-22 16:00:00+08:00,Bear -> Bull,transition,Bull,Bear -> Bull,1.0,0.46162383738742685,BUY,31945.553639999995,26471.397651211148,0.8286410669078375,13.235698825605574,105885.59060484459,0.21162383738742682
2021-07-24 04:00:00+08:00,2021-07-24 00:00:00+08:00,Bull,regime,Bull,Bull,0.9,0.7141431451724122,BUY,32280.888639999997,26589.676764195778,0.823697174533414,13.29483838209789,106358.70705678308,0.4641431451724122
2021-08-03 16:00:00+08:00,2021-08-03 12:00:00+08:00,Bull -> Bear,transition,Bear,Bull -> Bear,0.15,0.49937589394452586,SELL,38554.83657,30314.393059293347,-0.7862669318868636,15.157196529646674,121257.57223717342,0.7493758939445259
2021-08-05 00:00:00+08:00,2021-08-04 20:00:00+08:00,Bear,regime,Bear,Bear,0.2,0.25386117494113236,SELL,39262.698,30580.808960053415,-0.7788769116185907,15.290404480026707,122323.23584021366,0.5038611749411324
2021-08-06 00:00:00+08:00,2021-08-05 20:00:00+08:00,Bear -> Consolidation,transition,Consolidation,Bear -> Consolidation,0.6,0.5010373794111984,BUY,38788.74999999999,30460.407019710558,0.785289730133365,15.23020350985528,121841.62807884222,0.25103737941119836
2021-08-07 08:00:00+08:00,2021-08-07 04:00:00+08:00,Bull,regime,Bull,Bull,0.9,0.7760189207423103,BUY,42879.706869999995,32057.813328067205,0.7476220260846949,16.028906664033602,128231.25331226877,0.5260189207423103
2021-08-17 20:00:00+08:00,2021-08-17 16:00:00+08:00,Bull -> Consolidation,transition,Consolidation,Bull -> Consolidation,0.35,0.5412359145220142,SELL,46798.30485,34375.33991905315,-0.7345424162100425,17.187669959526573,137501.35967621263,0.7912359145220142
2021-08-20 20:00:00+08:00,2021-08-20 16:00:00+08:00,Consolidation -> Bull,transition,Bull,Consolidation -> Bull,0.85,0.7915643525223933,BUY,46969.262339999994,34390.59451466316,0.7321936262425697,17.19529725733158,137562.37805865263,0.5415643525223933
2021-08-25 20:00:00+08:00,2021-08-25 16:00:00+08:00,Bull -> Consolidation,transition,Consolidation,Bull -> Consolidation,0.35,0.543863633784711,SELL,47522.43999,34753.33897662339,-0.7313037584757102,17.376669488311695,139013.35590649355,0.793863633784711
2021-09-03 08:00:00+08:00,2021-09-03 04:00:00+08:00,Consolidation -> Bull,transition,Bull,Consolidation -> Bull,0.85,0.8023967222052327,BUY,49295.87662999999,35406.16964503014,0.7182379554942939,17.70308482251507,141624.67858012056,0.5523967222052327
2021-09-05 12:00:00+08:00,2021-09-05 08:00:00+08:00,Bull -> Consolidation,transition,Consolidation,Bull -> Consolidation,0.35,0.5537796014627938,SELL,49613.55678,35633.1424099322,-0.7182138254658751,17.816571204966102,142532.56963972878,0.8037796014627938
2021-09-07 04:00:00+08:00,2021-09-07 00:00:00+08:00,Consolidation -> Bull,transition,Bull,Consolidation -> Bull,0.85,0.8137199031690154,BUY,51767.115399999995,36434.806400645364,0.7038214534288184,18.217403200322682,145739.22560258146,0.5637199031690154
2021-09-08 20:00:00+08:00,2021-09-08 16:00:00+08:00,Bull -> Bear,transition,Bear,Bull -> Bear,0.15,0.5467567133036633,SELL,46348.42518,33371.45853020965,-0.7200127814614489,16.685729265104825,133485.83412083858,0.7967567133036633
2021-09-10 04:00:00+08:00,2021-09-10 00:00:00+08:00,Bear,regime,Bear,Bear,0.2,0.29767636246629114,SELL,46520.6328,33430.08602472065,-0.7186077233394953,16.715043012360326,133720.34409888258,0.5476763624662911
2021-09-16 04:00:00+08:00,2021-09-16 00:00:00+08:00,Bear -> Bull,transition,Bull,Bear -> Bull,1.0,0.5541794399221327,BUY,48123.515439999996,33736.5151391424,0.7010401220834502,16.8682575695712,134946.0605565696,0.30417943992213264
2021-09-17 12:00:00+08:00,2021-09-17 08:00:00+08:00,Bull,regime,Bull,Bull,0.9,0.8032330279429378,BUY,47947.72983,33655.61008412024,0.701922910708122,16.82780504206012,134622.44033648097,0.5532330279429378
2021-09-18 00:00:00+08:00,2021-09-17 20:00:00+08:00,Bull -> Consolidation,transition,Consolidation,Bull -> Consolidation,0.35,0.5520483637919288,SELL,47479.99247999999,33432.94182609595,-0.7041480017120667,16.716470913047974,133731.76730438377,0.8020483637919288
2021-09-21 08:00:00+08:00,2021-09-21 04:00:00+08:00,Consolidation -> Bear,transition,Bear,Consolidation -> Bear,0.2,0.27723064270198905,SELL,42973.62336,31669.061552741354,-0.736941851224466,15.834530776370677,126676.2462109654,0.527230642701989
2021-10-01 12:00:00+08:00,2021-10-01 08:00:00+08:00,Bear -> Consolidation,transition,Consolidation,Bear -> Consolidation,0.6,0.5299651099084519,BUY,43679.425789999994,31783.832904405754,0.7276614179228147,15.891916452202878,127135.33161762299,0.27996510990845186
2021-10-02 20:00:00+08:00,2021-10-02 16:00:00+08:00,Bull,regime,Bull,Bull,0.9,0.8019383558248473,BUY,47731.14345999999,33333.666518794795,0.6983630414538324,16.666833259397396,133334.66607517915,0.5519383558248473
2021-10-23 20:00:00+08:00,2021-10-23 16:00:00+08:00,Bull -> Bear,transition,Bear,Bull -> Bear,0.15,0.5894410244646974,SELL,61490.68776,41093.64840418508,-0.6682905965302391,20.54682420209254,164374.5936167403,0.8394410244646974
2021-10-25 04:00:00+08:00,2021-10-25 00:00:00+08:00,Bear,regime,Bear,Bear,0.2,0.3358061015843373,SELL,60582.44691,40720.613095206885,-0.6721520039575253,20.360306547603443,162882.45238082757,0.5858061015843373
2021-10-27 04:00:00+08:00,2021-10-27 00:00:00+08:00,Bear -> Consolidation,transition,Consolidation,Bear -> Consolidation,0.6,0.590634309157308,BUY,62062.01001,41011.070270254364,0.6608079606774947,20.505535135127182,164044.28108101746,0.34063430915730797
2021-10-28 12:00:00+08:00,2021-10-28 08:00:00+08:00,Bear,regime,Bear,Bear,0.2,0.32789904941780534,SELL,58780.9602,39761.57529720817,-0.6764363011750898,19.880787648604084,159046.30118883267,0.5778990494178053
2021-10-29 20:00:00+08:00,2021-10-29 16:00:00+08:00,Bear -> Consolidation,transition,Consolidation,Bear -> Consolidation,0.6,0.5855487987344036,BUY,61001.840899999996,40211.865530674004,0.6591910168185434,20.105932765337002,160847.46212269602,0.3355487987344036
2021-11-03 16:00:00+08:00,2021-11-03 12:00:00+08:00,Consolidation -> Bull,transition,Bull,Consolidation -> Bull,0.85,0.8450649421174269,BUY,63458.014619999994,41144.44814496304,0.6483727609718756,20.57222407248152,164577.79257985216,0.5950649421174269
2021-11-05 00:00:00+08:00,2021-11-04 20:00:00+08:00,Consolidation,regime,Consolidation,Consolidation,0.55,0.5901020382981367,SELL,60973.97499,39835.24449639075,-0.6533155252371836,19.917622248195375,159340.97798556302,0.8401020382981367
2021-11-09 04:00:00+08:00,2021-11-09 00:00:00+08:00,Consolidation -> Bull,transition,Bull,Consolidation -> Bull,0.85,0.85,BUY,65900.84500999999,40292.72164545789,0.6114143398213445,20.146360822728944,166672.68549438444,0.6082524003501735
2021-11-12 08:00:00+08:00,2021-11-12 04:00:00+08:00,Bull -> Consolidation,transition,Consolidation,Bull -> Consolidation,0.35,0.5979844627346833,SELL,64709.47575,41082.571085703166,-0.6348772047608988,20.541285542851583,164330.28434281267,0.8479844627346833
2021-11-17 08:00:00+08:00,2021-11-17 04:00:00+08:00,Consolidation -> Bear,transition,Bear,Consolidation -> Bear,0.2,0.3296613406059161,SELL,59998.81113,39279.509978154056,-0.6546714716237754,19.63975498907703,157118.0399126162,0.5796613406059161
2021-11-25 00:00:00+08:00,2021-11-24 20:00:00+08:00,Bear -> Consolidation,transition,Consolidation,Bear -> Consolidation,0.6,0.5670514015143973,BUY,56784.257529999995,38547.0651525468,0.6788336561798275,19.2735325762734,154188.26061018725,0.3170514015143973
2021-11-27 16:00:00+08:00,2021-11-27 12:00:00+08:00,Consolidation -> Bear,transition,Bear,Consolidation -> Bear,0.2,0.30667629234373595,SELL,54340.155450000006,37634.07903129888,-0.6925648025782171,18.81703951564944,150536.31612519556,0.556676292343736
2021-11-30 08:00:00+08:00,2021-11-30 04:00:00+08:00,Bear -> Bull,transition,Bull,Bear -> Bull,1.0,0.5695095177038599,BUY,57834.026249999995,38336.899085352685,0.6628779210292779,19.168449542676342,153347.5963414107,0.31950951770385994
2021-12-05 00:00:00+08:00,2021-12-04 20:00:00+08:00,Consolidation -> Bear,transition,Bear,Consolidation -> Bear,0.2,0.274620240001463,SELL,48155.53626,34706.732286324164,-0.7207215406954781,17.353366143162084,138826.92914529663,0.524620240001463
2021-12-12 16:00:00+08:00,2021-12-12 12:00:00+08:00,Bear -> Consolidation,transition,Consolidation,Bear -> Consolidation,0.6,0.5289787383777277,BUY,49350.50119999999,34910.51392578514,0.707399379477531,17.45525696289257,139642.05570314056,0.2789787383777277
2021-12-14 20:00:00+08:00,2021-12-14 16:00:00+08:00,Consolidation -> Bear,transition,Bear,Consolidation -> Bear,0.2,0.2702849806254861,SELL,47570.37201,34268.74255552624,-0.7203799572625255,17.13437127776312,137074.97022210495,0.5202849806254861
2021-12-17 04:00:00+08:00,2021-12-17 00:00:00+08:00,Bear -> Consolidation,transition,Consolidation,Bear -> Consolidation,0.6,0.5211295190917259,BUY,47913.87601,34302.572541928814,0.7159214699050772,17.15128627096441,137210.29016771525,0.2711295190917259
2021-12-22 12:00:00+08:00,2021-12-22 08:00:00+08:00,Consolidation -> Bull,transition,Bull,Consolidation -> Bull,0.85,0.778178499761096,BUY,49298.248999999996,34805.96280513158,0.7060283785156666,17.402981402565793,139223.85122052633,0.528178499761096
2021-12-24 00:00:00+08:00,2021-12-23 20:00:00+08:00,Bull -> Consolidation,transition,Consolidation,Bull -> Consolidation,0.35,0.5267043132589884,SELL,48770.51067,34556.6914164935,-0.7085570961173103,17.27834570824675,138226.76566597397,0.7767043132589884
2021-12-25 08:00:00+08:00,2021-12-25 04:00:00+08:00,Bull,regime,Bull,Bull,0.9,0.7866520207625439,BUY,50870.809989999994,35289.27316344202,0.6937037796406045,17.64463658172101,141157.09265376805,0.5366520207625439
2021-12-27 04:00:00+08:00,2021-12-27 00:00:00+08:00,Bull -> Consolidation,transition,Consolidation,Bull -> Consolidation,0.35,0.5351087101883435,SELL,50292.16749,35015.304555286595,-0.696237730502448,17.5076522776433,140061.2182211464,0.7851087101883435
2021-12-30 00:00:00+08:00,2021-12-29 20:00:00+08:00,Consolidation -> Bear,transition,Bear,Consolidation -> Bear,0.2,0.2729767086827585,SELL,47911.40064,34115.59452337699,-0.7120558795539522,17.057797261688496,136462.37809350796,0.5229767086827585
2022-01-02 08:00:00+08:00,2022-01-02 04:00:00+08:00,Bear -> Consolidation,transition,Consolidation,Bear -> Consolidation,0.6,0.521848320009327,BUY,47770.382659999996,34056.870357879576,0.7129285649703769,17.028435178939787,136227.48143151833,0.271848320009327
2022-01-07 00:00:00+08:00,2022-01-06 20:00:00+08:00,Consolidation -> Bear,transition,Bear,Consolidation -> Bear,0.2,0.2454657179881511,SELL,42907.06998,32267.564858293637,-0.7520337527902584,16.13378242914682,129070.25943317453,0.4954657179881511
2022-01-14 08:00:00+08:00,2022-01-14 04:00:00+08:00,Bear -> Consolidation,transition,Consolidation,Bear -> Consolidation,0.6,0.49362318717587395,BUY,42600.90834999999,32183.62861511506,0.7554681311182668,16.09181430755753,128734.51446046022,0.24362318717587392
2022-01-22 04:00:00+08:00,2022-01-22 00:00:00+08:00,Consolidation -> Bear,transition,Bear,Consolidation -> Bear,0.2,0.21518240400304994,SELL,37946.12589,30464.630280701036,-0.8028390136324673,15.232315140350519,121858.52112280414,0.46518240400304994
2022-01-30 00:00:00+08:00,2022-01-29 20:00:00+08:00,Bear -> Consolidation,transition,Consolidation,Bear -> Consolidation,0.6,0.4631541242618069,BUY,37605.547979999996,30381.260877326644,0.8078930506074399,15.190630438663323,121525.04350930656,0.21315412426180688
2022-01-31 08:00:00+08:00,2022-01-31 04:00:00+08:00,Bull,regime,Bull,Bull,0.9,0.7151501438392884,BUY,37919.63174999999,30487.54104779933,0.8040041435212338,15.243770523899665,121950.1641911973,0.4651501438392884
2022-02-01 00:00:00+08:00,2022-01-31 20:00:00+08:00,Bull -> Consolidation,transition,Consolidation,Bull -> Consolidation,0.35,0.464311664422998,SELL,37685.18709000001,30384.72229535172,-0.8062776024645103,15.19236114767586,121538.88918140685,0.714311664422998
2022-02-05 20:00:00+08:00,2022-02-05 16:00:00+08:00,Consolidation -> Bull,transition,Bull,Consolidation -> Bull,0.85,0.7376113858238935,BUY,41471.42999999999,31758.986778512808,0.765803995148294,15.879493389256405,127035.94711405123,0.4876113858238936
2022-02-13 20:00:00+08:00,2022-02-13 16:00:00+08:00,Bull -> Consolidation,transition,Consolidation,Bull -> Consolidation,0.35,0.492411089672533,SELL,42428.24928,32335.34644218647,-0.7621183289650566,16.167673221093235,129341.38576874588,0.742411089672533
2022-02-18 20:00:00+08:00,2022-02-18 16:00:00+08:00,Consolidation -> Bear,transition,Bear,Consolidation -> Bear,0.2,0.2284902095268979,SELL,40138.771049999996,31464.45502482206,-0.783891838283426,15.73222751241103,125857.82009928822,0.4784902095268979
2022-02-27 04:00:00+08:00,2022-02-27 00:00:00+08:00,Bear -> Bull,transition,Bull,Bear -> Bull,1.0,0.4742487307903669,BUY,39293.37412,31287.350739884954,0.7962500406387842,15.643675369942477,125149.4029595398,0.22424873079036686
2022-02-28 12:00:00+08:00,2022-02-28 08:00:00+08:00,Bull,regime,Bull,Bull,0.9,0.7147344993479259,BUY,37831.5938,30723.91817299025,0.812123283396806,15.361959086495125,122895.67269196098,0.4647344993479258
2022-03-05 08:00:00+08:00,2022-03-05 04:00:00+08:00,Bull -> Bear,transition,Bear,Bull -> Bear,0.15,0.471878893839642,SELL,39109.50135,31499.34764314013,-0.8054141974668805,15.749673821570065,125997.3905725605,0.721878893839642
2022-03-06 16:00:00+08:00,2022-03-06 12:00:00+08:00,Bear,regime,Bear,Bear,0.2,0.22332209653619084,SELL,39348.172439999995,31578.18619841202,-0.8025324745784311,15.78909309920601,126312.74479364807,0.47332209653619084
2022-03-10 12:00:00+08:00,2022-03-10 08:00:00+08:00,Bear -> Bull,transition,Bull,Bear -> Bull,1.0,0.47918630530873085,BUY,40809.2685,31813.30631174034,0.7795608076567297,15.90665315587017,127253.22524696136,0.22918630530873088
2022-03-11 20:00:00+08:00,2022-03-11 16:00:00+08:00,Bear,regime,Bear,Bear,0.2,0.22370524633940603,SELL,39854.18592,31474.43295236837,-0.7897397030150746,15.737216476184186,125897.73180947348,0.473705246339406
2022-03-13 12:00:00+08:00,2022-03-13 08:00:00+08:00,Bear -> Consolidation,transition,Consolidation,Bear -> Consolidation,0.6,0.470485013320872,BUY,39233.26407,31339.362666163284,0.7987957007667674,15.669681333081643,125357.45066465317,0.22048501332087203
2022-03-17 16:00:00+08:00,2022-03-17 12:00:00+08:00,Consolidation -> Bull,transition,Bull,Consolidation -> Bull,0.85,0.7299732477028882,BUY,40766.78605999999,31903.63709383473,0.7825889695321923,15.951818546917366,127614.54837533899,0.47997324770288824
2022-03-21 16:00:00+08:00,2022-03-21 12:00:00+08:00,Bull -> Consolidation,transition,Consolidation,Bull -> Consolidation,0.35,0.48180439682481313,SELL,41060.898,32106.59479250476,-0.7819262694280276,16.05329739625238,128426.37917001906,0.7318043968248131
2022-03-25 12:00:00+08:00,2022-03-25 08:00:00+08:00,Consolidation -> Bull,transition,Bull,Consolidation -> Bull,0.85,0.7485789363453466,BUY,44012.13816999999,33172.68486652634,0.7537167301073741,16.58634243326317,132690.73946610535,0.49857893634534656
2022-04-02 20:00:00+08:00,2022-04-02 16:00:00+08:00,Bull -> Consolidation,transition,Consolidation,Bull -> Consolidation,0.35,0.5091670958040192,SELL,46496.297159999995,34613.8961187409,-0.7444441435762044,17.306948059370452,138455.5844749636,0.7591670958040192
2022-04-07 20:00:00+08:00,2022-04-07 16:00:00+08:00,Consolidation -> Bear,transition,Bear,Consolidation -> Bear,0.2,0.24373447132833065,SELL,43722.98325,33550.20529454277,-0.7673356848207007,16.775102647271385,134200.8211781711,0.49373447132833065
2022-04-11 04:00:00+08:00,2022-04-11 00:00:00+08:00,Bear -> Consolidation,transition,Consolidation,Bear -> Consolidation,0.6,0.49133379617660206,BUY,43279.00576999999,33438.51332853615,0.7726266519670135,16.719256664268077,133754.0533141446,0.24133379617660206
2022-04-12 12:00:00+08:00,2022-04-12 08:00:00+08:00,Bear,regime,Bear,Bear,0.2,0.22026974192633147,SELL,39707.39286,32100.982647273446,-0.8084384376595771,16.050491323636724,128403.93058909377,0.4702697419263315
2022-04-15 04:00:00+08:00,2022-04-15 00:00:00+08:00,Bear -> Consolidation,transition,Consolidation,Bear -> Consolidation,0.6,0.47022601888634674,BUY,39815.58581,32094.036820008194,0.8060671761345157,16.047018410004096,128376.14728003279,0.22022601888634674
2022-05-06 20:00:00+08:00,2022-05-06 16:00:00+08:00,Consolidation -> Bear,transition,Bear,Consolidation -> Bear,0.2,0.2,SELL,35745.04917,29820.329358074232,-0.8342506179317765,14.910164679037116,122268.28120529986,0.44389260292293725
2022-05-22 00:00:00+08:00,2022-05-21 20:00:00+08:00,Bear -> Consolidation,transition,Consolidation,Bear -> Consolidation,0.6,0.420992583862102,BUY,29582.022469999996,29493.01565213403,0.9969911855095022,14.746507826067015,117972.06260853611,0.17099258386210198
2022-05-31 08:00:00+08:00,2022-05-31 04:00:00+08:00,Consolidation -> Bull,transition,Bull,Consolidation -> Bull,0.85,0.688352928042555,BUY,31765.964229999998,30398.072049761846,0.9569384335279738,15.199036024880924,121592.28819904738,0.438352928042555
2022-06-01 16:00:00+08:00,2022-06-01 12:00:00+08:00,Bull,regime,Bull,Bull,0.9,0.9,BUY,31513.902419999995,25790.395400843336,0.8183815211814488,12.895197700421669,120882.8615297071,0.6866496947997437
2022-06-03 16:00:00+08:00,2022-06-03 12:00:00+08:00,Bull -> Consolidation,transition,Consolidation,Bull -> Consolidation,0.35,0.6470165396032732,SELL,30413.2563,29313.908536263538,-0.9638530069620838,14.65695426813177,117255.63414505414,0.8970165396032732
2022-06-07 12:00:00+08:00,2022-06-07 08:00:00+08:00,Bull,regime,Bull,Bull,0.9,0.8902804643291335,BUY,29593.173609999998,28754.7925775724,0.9716697829210079,14.3773962887862,115019.1703102896,0.6402804643291335
2022-06-08 12:00:00+08:00,2022-06-08 08:00:00+08:00,Bull -> Consolidation,transition,Consolidation,Bull -> Consolidation,0.35,0.641872456871434,SELL,29996.68329,29144.915806549645,-0.97160461124266,14.572457903274822,116579.66322619861,0.891872456871434
2022-06-11 20:00:00+08:00,2022-06-11 16:00:00+08:00,Consolidation -> Bear,transition,Bear,Consolidation -> Bear,0.2,0.38168521685999723,SELL,28705.27599,28328.903578237834,-0.9868883890232137,14.164451789118917,113315.61431295131,0.6316852168599972
2022-06-26 00:00:00+08:00,2022-06-25 20:00:00+08:00,Bear -> Bull,transition,Bull,Bear -> Bull,1.0,0.5604041494941939,BUY,20982.851889999998,25395.51064116713,1.210298331909311,12.697755320583566,101582.04256466852,0.3104041494941939
2022-06-27 08:00:00+08:00,2022-06-27 04:00:00+08:00,Bull,regime,Bull,Bull,0.9,0.8112578873617146,BUY,21059.11808,25437.6918445122,1.207918192389574,12.718845922256099,101750.7673780488,0.5612578873617146
2022-06-29 20:00:00+08:00,2022-06-29 16:00:00+08:00,Bull -> Bear,transition,Bear,Bull -> Bear,0.15,0.5542676235266993,SELL,20084.70519,24512.980807489614,-1.220479990898468,12.256490403744808,98051.92322995844,0.8042676235266993
2022-07-01 04:00:00+08:00,2022-07-01 00:00:00+08:00,Bear,regime,Bear,Bear,0.2,0.28927066791626876,SELL,18908.402670000003,23708.421206359577,-1.253856373810743,11.854210603179789,94833.68482543831,0.5392706679162688
2022-07-07 00:00:00+08:00,2022-07-06 20:00:00+08:00,Bear -> Bull,transition,Bull,Bear -> Bull,1.0,0.5521504150014171,BUY,20168.998849999996,24141.745124257868,1.1969729040000354,12.070872562128935,96566.9804970315,0.3021504150014172
2022-07-08 08:00:00+08:00,2022-07-08 04:00:00+08:00,Bull,regime,Bull,Bull,0.9,0.8195196084712949,BUY,21646.61499,25108.815708227587,1.1599418994529633,12.554407854113794,100435.26283291038,0.5695196084712949
2022-07-11 20:00:00+08:00,2022-07-11 16:00:00+08:00,Bull -> Bear,transition,Bear,Bull -> Bear,0.15,0.5613406249981161,SELL,20454.07545,24003.632408059624,-1.1735378832808414,12.001816204029812,96014.5296322385,0.8113406249981161
2022-07-13 04:00:00+08:00,2022-07-13 00:00:00+08:00,Bear,regime,Bear,Bear,0.2,0.29799538716923935,SELL,19379.34126,23288.297590415717,-1.201707389222977,11.644148795207858,93153.19036166286,0.5479953871692393
2022-07-18 00:00:00+08:00,2022-07-17 20:00:00+08:00,Bear -> Bull,transition,Bull,Bear -> Bull,1.0,0.5664482162716903,BUY,21191.260089999996,23912.718370939645,1.1284236175376794,11.956359185469823,95650.8734837586,0.3164482162716903
2022-07-19 08:00:00+08:00,2022-07-19 04:00:00+08:00,Bull,regime,Bull,Bull,0.9,0.8305780538345661,BUY,22455.01258,24711.18335240658,1.1004751506759824,12.355591676203291,98844.7334096263,0.5805780538345661
2022-07-25 04:00:00+08:00,2022-07-25 00:00:00+08:00,Bull -> Consolidation,transition,Consolidation,Bull -> Consolidation,0.35,0.5823026258705911,SELL,22676.420879999998,24946.889594515604,-1.1001246504697793,12.473444797257802,99787.55837806243,0.8323026258705911
2022-07-26 12:00:00+08:00,2022-07-26 08:00:00+08:00,Bear,regime,Bear,Bear,0.2,0.31486615057791845,SELL,21120.388469999998,23940.063336744628,-1.1335048770883063,11.970031668372314,95760.25334697851,0.5648661505779184
2022-07-29 00:00:00+08:00,2022-07-28 20:00:00+08:00,Bear -> Bull,transition,Bull,Bear -> Bull,1.0,0.5903078602596137,BUY,23771.597849999995,24858.800421434273,1.0457353594106118,12.429400210717137,99435.20168573709,0.3403078602596137
2022-07-30 08:00:00+08:00,2022-07-30 04:00:00+08:00,Bull,regime,Bull,Bull,0.9,0.8405563047454175,BUY,23801.057279999997,24866.295180472676,1.0447559067625032,12.433147590236338,99465.1807218907,0.5905563047454175
2022-08-02 12:00:00+08:00,2022-08-02 08:00:00+08:00,Bull -> Consolidation,transition,Consolidation,Bull -> Consolidation,0.35,0.5852526628449124,SELL,22828.48866,24046.91797985686,-1.053373192505371,12.023458989928429,96187.67191942745,0.8352526628449124
2022-08-20 08:00:00+08:00,2022-08-20 04:00:00+08:00,Consolidation -> Bear,transition,Bear,Consolidation -> Bear,0.2,0.31260289079577197,SELL,20813.55561,22794.822197897996,-1.0951911641154712,11.397411098948998,91179.28879159197,0.562602890795772
2022-08-25 04:00:00+08:00,2022-08-25 00:00:00+08:00,Bear -> Consolidation,transition,Consolidation,Bear -> Consolidation,0.6,0.5713573475368452,BUY,21731.029319999998,23084.67567433845,1.0622909450999927,11.542337837169226,92338.70269735382,0.32135734753684525
2022-08-27 20:00:00+08:00,2022-08-27 16:00:00+08:00,Consolidation -> Bear,transition,Bear,Consolidation -> Bear,0.2,0.303738274282348,SELL,20190.998789999998,22166.792395051958,-1.0978551693059637,11.08339619752598,88667.16958020782,0.553738274282348
2022-09-01 00:00:00+08:00,2022-08-31 20:00:00+08:00,Bear -> Consolidation,transition,Consolidation,Bear -> Consolidation,0.6,0.5528628355415345,BUY,20162.402259999995,22134.98155637889,1.0978345373205989,11.067490778189445,88539.92622551558,0.3028628355415345
2022-09-08 00:00:00+08:00,2022-09-07 20:00:00+08:00,Consolidation -> Bear,transition,Bear,Consolidation -> Bear,0.2,0.28666940416563613,SELL,18851.7294,21355.390955667368,-1.1328080571572052,10.677695477833684,85421.56382266947,0.5366694041656361
2022-09-09 08:00:00+08:00,2022-09-09 04:00:00+08:00,Consolidation,regime,Consolidation,Consolidation,0.55,0.5413442883707882,BUY,19339.860539999998,21492.50204418262,1.1113059476168603,10.746251022091311,85970.00817673051,0.29134428837078824
2022-09-10 08:00:00+08:00,2022-09-10 04:00:00+08:00,Consolidation -> Bull,transition,Bull,Consolidation -> Bull,0.85,0.816097036370247,BUY,21382.981619999995,22712.3875222492,1.062171212877337,11.356193761124599,90849.5500889968,0.566097036370247
2022-09-14 20:00:00+08:00,2022-09-14 16:00:00+08:00,Bull -> Bear,transition,Bear,Bull -> Bear,0.15,0.5578172078435812,SELL,20204.51526,21719.095040577282,-1.074962440874579,10.859547520288642,86876.38016230913,0.8078172078435812
2022-09-16 04:00:00+08:00,2022-09-16 00:00:00+08:00,Bear,regime,Bear,Bear,0.2,0.3023035331639954,SELL,19760.92929,21445.546061881232,-1.085249876013358,10.722773030940616,85782.18424752491,0.5523035331639954
2022-09-18 08:00:00+08:00,2022-09-18 04:00:00+08:00,Bear -> Consolidation,transition,Consolidation,Bear -> Consolidation,0.6,0.5556651575377771,BUY,20132.722609999997,21545.51393450995,1.0701738831790297,10.772756967254974,86182.05573803981,0.3056651575377772
2022-09-20 04:00:00+08:00,2022-09-20 00:00:00+08:00,Consolidation -> Bear,transition,Bear,Consolidation -> Bear,0.2,0.2981547247229883,SELL,19495.2852,21181.430623013126,-1.086489907981091,10.590715311506564,84725.7224920525,0.5481547247229883
2022-09-23 12:00:00+08:00,2022-09-23 08:00:00+08:00,Bear -> Consolidation,transition,Consolidation,Bear -> Consolidation,0.6,0.5467255824879258,BUY,19412.533139999996,21134.62249931268,1.0887101825863355,10.56731124965634,84538.4899972507,0.29672558248792574
2022-10-05 12:00:00+08:00,2022-10-05 08:00:00+08:00,Consolidation -> Bull,transition,Bull,Consolidation -> Bull,0.85,0.8066275922234185,BUY,20210.850659999996,21600.671821073505,1.068766089288075,10.800335910536752,86402.68728429402,0.5566275922234185
2022-10-06 20:00:00+08:00,2022-10-06 16:00:00+08:00,Consolidation,regime,Consolidation,Consolidation,0.55,0.5571050538301197,SELL,20224.215539999997,21640.141012190492,-1.070011391511826,10.820070506095247,86560.56404876197,0.8071050538301197
2022-10-12 00:00:00+08:00,2022-10-11 20:00:00+08:00,Consolidation -> Bear,transition,Bear,Consolidation -> Bear,0.2,0.2932655264019163,SELL,19128.4524,20978.49981761569,-1.0967170463626055,10.489249908807846,83913.99927046278,0.5432655264019163
2022-10-13 12:00:00+08:00,2022-10-13 08:00:00+08:00,Bear -> Consolidation,transition,Consolidation,Bear -> Consolidation,0.6,0.5424923056169809,BUY,19108.24916,20951.866432957773,1.0964827942905981,10.475933216478888,83807.4657318311,0.2924923056169809
2022-10-26 20:00:00+08:00,2022-10-26 16:00:00+08:00,Consolidation -> Bull,transition,Bull,Consolidation -> Bull,0.85,0.8113745499653465,BUY,20627.466859999997,21847.845629345626,1.0591628035390104,10.923922814672814,87391.3825173825,0.5613745499653465
2022-10-29 04:00:00+08:00,2022-10-29 00:00:00+08:00,Bull -> Consolidation,transition,Consolidation,Bull -> Consolidation,0.35,0.5614414491177147,SELL,20588.60079,21841.113617755298,-1.0608352573606483,10.920556808877649,87364.45447102118,0.8114414491177147
2022-10-30 12:00:00+08:00,2022-10-30 08:00:00+08:00,Bull,regime,Bull,Bull,0.9,0.8133796660812639,BUY,20796.275499999996,21931.816396893133,1.0546030897163838,10.965908198446567,87727.26558757253,0.5633796660812639
2022-10-31 16:00:00+08:00,2022-10-31 12:00:00+08:00,Bull -> Consolidation,transition,Consolidation,Bull -> Consolidation,0.35,0.5617479574707874,SELL,20526.53292,21727.155612392846,-1.0584912560280952,10.863577806196423,86908.62244957138,0.8117479574707874
2022-11-05 20:00:00+08:00,2022-11-05 16:00:00+08:00,Consolidation -> Bull,transition,Bull,Consolidation -> Bull,0.85,0.8217555692871024,BUY,21426.03463,22228.553947994078,1.037455335616345,11.11427697399704,88914.21579197631,0.5717555692871024
2022-11-08 00:00:00+08:00,2022-11-07 20:00:00+08:00,Bull -> Consolidation,transition,Consolidation,Bull -> Consolidation,0.35,0.5673273525900435,SELL,20744.18505,21674.494955460097,-1.0448467801081487,10.837247477730049,86697.97982184039,0.8173273525900435
2022-11-09 08:00:00+08:00,2022-11-09 04:00:00+08:00,Consolidation -> Bear,transition,Bear,Consolidation -> Bear,0.2,0.2893824468710603,SELL,18526.83462,20353.657254479047,-1.0986041421510269,10.176828627239523,81414.62901791619,0.5393824468710603
2022-11-18 16:00:00+08:00,2022-11-18 12:00:00+08:00,Bear -> Consolidation,transition,Consolidation,Bear -> Consolidation,0.6,0.518671053326256,BUY,16762.58584,19773.758407921316,1.1796365188917246,9.886879203960659,79095.03363168525,0.2686710533262559
2022-11-22 04:00:00+08:00,2022-11-22 00:00:00+08:00,Consolidation -> Bear,transition,Bear,Consolidation -> Bear,0.2,0.25287332380299476,SELL,15705.78849,19140.414389458565,-1.218685352960497,9.570207194729283,76561.65755783426,0.5028733238029948
2022-11-24 00:00:00+08:00,2022-11-23 20:00:00+08:00,Bear -> Consolidation,transition,Consolidation,Bear -> Consolidation,0.6,0.5110628233454999,BUY,16443.517089999998,19349.30611660916,1.1767133521803737,9.67465305830458,77397.22446643664,0.2610628233454999
2022-12-01 08:00:00+08:00,2022-12-01 04:00:00+08:00,Consolidation -> Bull,transition,Bull,Consolidation -> Bull,0.85,0.7719574104934648,BUY,17182.695529999997,19785.217148491443,1.1514617781562615,9.892608574245722,79140.86859396577,0.5219574104934648
2022-12-03 00:00:00+08:00,2022-12-02 20:00:00+08:00,Bull -> Consolidation,transition,Consolidation,Bull -> Consolidation,0.35,0.5196627641502509,SELL,16922.00106,19577.377421030847,-1.1569185790507714,9.788688710515425,78309.50968412339,0.7696627641502509
2022-12-14 16:00:00+08:00,2022-12-14 12:00:00+08:00,Consolidation -> Bull,transition,Bull,Consolidation -> Bull,0.85,0.7820537688812044,BUY,17823.34554,20090.547926735948,1.1272040864408865,10.045273963367974,80362.1917069438,0.5320537688812044
2022-12-17 16:00:00+08:00,2022-12-17 12:00:00+08:00,Bull -> Bear,transition,Bear,Bull -> Bear,0.15,0.5214529792824723,SELL,16729.403850000002,19147.691663246325,-1.1445531373938542,9.573845831623164,76590.7666529853,0.7714529792824723
2022-12-19 00:00:00+08:00,2022-12-18 20:00:00+08:00,Bear,regime,Bear,Bear,0.2,0.27048152550996996,SELL,16667.14617,19103.909077432076,-1.1462015681975672,9.551954538716037,76415.63630972832,0.52048152550997
2022-12-19 04:00:00+08:00,2022-12-19 00:00:00+08:00,Bear -> Consolidation,transition,Consolidation,Bear -> Consolidation,0.6,0.5211236536075387,BUY,16768.27152,19117.463047465862,1.1400974169975668,9.55873152373293,76469.85218986345,0.27112365360753865
2023-01-10 04:00:00+08:00,2023-01-10 00:00:00+08:00,Consolidation -> Bull,transition,Bull,Consolidation -> Bull,0.85,0.7790176254765742,BUY,17311.484189999996,19432.81037394146,1.122538666278357,9.716405186970729,77731.2414957658,0.5290176254765742
2023-01-26 04:00:00+08:00,2023-01-26 00:00:00+08:00,Bull -> Consolidation,transition,Consolidation,Bull -> Consolidation,0.35,0.5726433333114223,SELL,22727.22003,24199.14378711486,-1.0647647954818897,12.09957189355743,96796.57514845947,0.8226433333114223
2023-01-27 12:00:00+08:00,2023-01-27 08:00:00+08:00,Bull,regime,Bull,Bull,0.9,0.8228686268793798,BUY,22794.972199999997,24204.825922927535,1.0618493284640873,12.102412961463768,96819.30369171017,0.5728686268793798
2023-01-28 08:00:00+08:00,2023-01-28 04:00:00+08:00,Bull -> Consolidation,transition,Consolidation,Bull -> Consolidation,0.35,0.5748367806481096,SELL,23051.08584,24459.52103692676,-1.0611006009305963,12.22976051846338,97838.08414770702,0.8248367806481096
2023-01-30 16:00:00+08:00,2023-01-30 12:00:00+08:00,Consolidation -> Bull,transition,Bull,Consolidation -> Bull,0.85,0.8307413116455559,BUY,23666.45281,24796.698450161653,1.047757289579285,12.398349225080826,99186.79380064661,0.5807413116455559
2023-02-01 00:00:00+08:00,2023-01-31 20:00:00+08:00,Consolidation,regime,Consolidation,Consolidation,0.55,0.5776474448441534,SELL,23098.6782,24333.59380193965,-1.0534626090396657,12.166796900969825,97334.37520775858,0.8276474448441534
2023-02-03 04:00:00+08:00,2023-02-03 00:00:00+08:00,Consolidation -> Bull,transition,Bull,Consolidation -> Bull,0.85,0.8346771566140004,BUY,23826.372569999996,24738.13801182981,1.0382670689443438,12.369069005914906,98952.55204731926,0.5846771566140004
2023-02-04 12:00:00+08:00,2023-02-04 08:00:00+08:00,Consolidation,regime,Consolidation,Consolidation,0.55,0.5820357093080648,SELL,23319.776879999998,24330.689768070595,-1.0433500240277855,12.165344884035298,97322.7590722824,0.8320357093080648
2023-02-11 00:00:00+08:00,2023-02-10 20:00:00+08:00,Consolidation -> Bear,transition,Bear,Consolidation -> Bear,0.2,0.3136227272955263,SELL,21631.09725,23297.08440526655,-1.0770181528940492,11.648542202633275,93188.3376210662,0.5636227272955263
2023-02-13 12:00:00+08:00,2023-02-13 08:00:00+08:00,Bear -> Consolidation,transition,Consolidation,Bear -> Consolidation,0.6,0.5650116552274476,BUY,21830.408599999995,23340.07175817096,1.069154141172189,11.67003587908548,93360.28703268382,0.3150116552274475
2023-02-16 20:00:00+08:00,2023-02-16 16:00:00+08:00,Consolidation -> Bull,transition,Bull,Consolidation -> Bull,0.85,0.8440021767400675,BUY,24592.497929999998,24999.497757138044,1.0165497554700027,12.499748878569022,99997.99102855218,0.5940021767400675
2023-02-23 00:00:00+08:00,2023-02-22 20:00:00+08:00,Bull -> Consolidation,transition,Consolidation,Bull -> Consolidation,0.35,0.5893511362542664,SELL,23691.225059999997,24256.270505921624,-1.0238504106263226,12.128135252960812,97025.0820236865,0.8393511362542664
2023-02-25 20:00:00+08:00,2023-02-25 16:00:00+08:00,Consolidation -> Bear,transition,Bear,Consolidation -> Bear,0.2,0.33174231208993377,SELL,22960.866149999998,23807.758173936414,-1.0368841496833696,11.903879086968207,95231.03269574566,0.5817423120899338
2023-02-27 08:00:00+08:00,2023-02-27 04:00:00+08:00,Bear -> Consolidation,transition,Consolidation,Bear -> Consolidation,0.6,0.5870780004595428,BUY,23578.404849999995,23994.891514977127,1.017663903373732,11.997445757488563,95979.56605990848,0.3370780004595428
2023-03-04 08:00:00+08:00,2023-03-04 04:00:00+08:00,Consolidation -> Bear,transition,Bear,Consolidation -> Bear,0.2,0.3243117224841948,SELL,22331.98566,23268.245203941686,-1.0419245990121995,11.634122601970843,93072.98081576676,0.5743117224841948
2023-03-06 08:00:00+08:00,2023-03-06 04:00:00+08:00,Bear -> Consolidation,transition,Consolidation,Bear -> Consolidation,0.6,0.5749261781103847,BUY,22452.67024,23285.115615972707,1.0370755623751906,11.642557807986353,93140.46246389086,0.32492617811038477
2023-03-10 04:00:00+08:00,2023-03-10 00:00:00+08:00,Consolidation -> Bear,transition,Bear,Consolidation -> Bear,0.2,0.30700573904535533,SELL,20835.4437,22336.592865215862,-1.0720478616548905,11.168296432607931,89346.37146086343,0.5570057390453553
2023-03-14 04:00:00+08:00,2023-03-14 00:00:00+08:00,Bear -> Bull,transition,Bull,Bear -> Bull,1.0,0.5901383212449729,BUY,24301.527249999996,23453.913280683897,0.9651209588353712,11.72695664034195,93815.65312273559,0.3401383212449729
2023-03-15 12:00:00+08:00,2023-03-15 08:00:00+08:00,Bull,regime,Bull,Bull,0.9,0.8444358254995735,BUY,24741.586869999996,23695.210611916948,0.9577077952363753,11.847605305958474,94780.84244766779,0.5944358254995735
2023-03-26 00:00:00+08:00,2023-03-25 20:00:00+08:00,Bull -> Consolidation,transition,Consolidation,Bull -> Consolidation,0.35,0.6086525109917066,SELL,27619.792559999998,26057.512609325575,-0.9434362170794514,13.028756304662787,104230.05043730228,0.8586525109917066
2023-03-30 12:00:00+08:00,2023-03-30 08:00:00+08:00,Consolidation -> Bull,transition,Bull,Consolidation -> Bull,0.85,0.85,BUY,28517.679189999995,24858.894372099414,0.8717011719809384,12.429447186049707,106121.63592961305,0.615750931425638
2023-04-01 00:00:00+08:00,2023-03-31 20:00:00+08:00,Bull -> Consolidation,transition,Consolidation,Bull -> Consolidation,0.35,0.6000904521841074,SELL,28466.505,26525.688613560153,-0.931821051216514,13.262844306780076,106102.75445424061,0.8500904521841074
2023-04-11 20:00:00+08:00,2023-04-11 16:00:00+08:00,Consolidation -> Bull,transition,Bull,Consolidation -> Bull,0.85,0.85,BUY,30085.195139999996,25986.09738587428,0.8637503351714767,12.99304869293714,109547.62883756668,0.6127872217626404
2023-04-17 08:00:00+08:00,2023-04-17 04:00:00+08:00,Bull -> Consolidation,transition,Consolidation,Bull -> Consolidation,0.35,0.601115939781162,SELL,30274.35534,27570.364572285776,-0.9106837870750109,13.785182286142888,110281.45828914313,0.851115939781162
2023-04-21 04:00:00+08:00,2023-04-21 00:00:00+08:00,Consolidation -> Bear,transition,Bear,Consolidation -> Bear,0.2,0.3328875565372367,SELL,28076.27562,26357.23973005108,-0.9387726522842519,13.178619865025539,105428.95892020428,0.5828875565372367
2023-04-25 08:00:00+08:00,2023-04-25 04:00:00+08:00,Bear -> Consolidation,transition,Consolidation,Bear -> Consolidation,0.6,0.5780405979595092,BUY,27538.440929999997,26162.217376374487,0.9500253642853735,13.081108688187244,104648.86950549796,0.32804059795950924
2023-04-27 16:00:00+08:00,2023-04-27 12:00:00+08:00,Consolidation -> Bull,transition,Bull,Consolidation -> Bull,0.85,0.8399222131784327,BUY,28922.733839999997,26912.26805664142,0.9304883903962732,13.45613402832071,107649.07222656565,0.5899222131784327
2023-04-29 20:00:00+08:00,2023-04-29 16:00:00+08:00,Bull -> Consolidation,transition,Consolidation,Bull -> Consolidation,0.35,0.5920003804973906,SELL,29302.77789,27244.953430269125,-0.9297737413341572,13.622476715134562,108979.81372107651,0.8420003804973906
2023-05-09 16:00:00+08:00,2023-05-09 12:00:00+08:00,Consolidation -> Bear,transition,Bear,Consolidation -> Bear,0.2,0.3277806130878633,SELL,27638.96337,26319.314930107263,-0.9522540544583117,13.159657465053632,105277.25972042902,0.5777806130878633
2023-05-11 00:00:00+08:00,2023-05-10 20:00:00+08:00,Bear -> Consolidation,transition,Consolidation,Bear -> Consolidation,0.6,0.5815053085673545,BUY,28181.363209999996,26461.038597013532,0.9389552378936723,13.230519298506767,105844.15438805414,0.33150530856735455
2023-05-13 00:00:00+08:00,2023-05-12 20:00:00+08:00,Consolidation -> Bear,transition,Bear,Consolidation -> Bear,0.2,0.3150111070182824,SELL,26294.50917,25450.06718892283,-0.967885235064946,12.725033594461415,101800.26875569132,0.5650111070182824
2023-05-14 16:00:00+08:00,2023-05-14 12:00:00+08:00,Bear -> Consolidation,transition,Consolidation,Bear -> Consolidation,0.6,0.5692309188503151,BUY,26882.07522,25603.148812540687,0.9524245655518513,12.801574406270344,102412.59525016275,0.31923091885031507
2023-05-30 00:00:00+08:00,2023-05-29 20:00:00+08:00,Consolidation -> Bull,transition,Bull,Consolidation -> Bull,0.85,0.8261591704201373,BUY,27658.130499999996,26014.115973311804,0.9405594486334428,13.007057986655902,104056.46389324722,0.5761591704201373
2023-05-31 08:00:00+08:00,2023-05-31 04:00:00+08:00,Consolidation,regime,Consolidation,Consolidation,0.55,0.5765504310938472,SELL,27666.69561,26054.049978848394,-0.9417116646713415,13.027024989424197,104216.19991539359,0.8265504310938472
2023-06-06 20:00:00+08:00,2023-06-06 16:00:00+08:00,Consolidation -> Bear,transition,Bear,Consolidation -> Bear,0.2,0.3080446489421289,SELL,25660.95336,24955.7324040888,-0.972517741409776,12.477866202044401,99822.92961635522,0.5580446489421289
2023-06-08 04:00:00+08:00,2023-06-08 00:00:00+08:00,Bear -> Consolidation,transition,Consolidation,Bear -> Consolidation,0.6,0.5644495072655019,BUY,26508.912429999997,25184.334768924946,0.9500327422117841,12.592167384462472,100737.33907569977,0.3144495072655019
2023-06-21 20:00:00+08:00,2023-06-21 16:00:00+08:00,Consolidation -> Bull,transition,Bull,Consolidation -> Bull,0.85,0.8360069603218186,BUY,28958.929999999997,26488.12981125013,0.9146791615315253,13.244064905625066,105952.51924500053,0.5860069603218186
2023-06-29 04:00:00+08:00,2023-06-29 00:00:00+08:00,Bull -> Consolidation,transition,Consolidation,Bull -> Consolidation,0.35,0.5914321412142962,SELL,30069.890010000003,27373.503938000395,-0.9103293669812925,13.686751969000198,109494.01575200161,0.8414321412142962
2023-08-18 04:00:00+08:00,2023-08-18 00:00:00+08:00,Consolidation -> Bear,transition,Bear,Consolidation -> Bear,0.2,0.32289152620420103,SELL,27866.106,26177.219346774233,-0.9393928002274244,13.088609673387117,104708.87738709692,0.572891526204201
2023-08-25 08:00:00+08:00,2023-08-25 04:00:00+08:00,Bear -> Consolidation,transition,Consolidation,Bear -> Consolidation,0.6,0.5590594067715097,BUY,26206.230049999995,25648.434990464364,0.9787151735113601,12.824217495232181,102593.73996185744,0.30905940677150967
2023-08-30 20:00:00+08:00,2023-08-30 16:00:00+08:00,Consolidation -> Bull,transition,Bull,Consolidation -> Bull,0.85,0.8196641280021509,BUY,27365.858519999998,26273.03653124327,0.9600662267563046,13.136518265621635,105092.14612497308,0.5696641280021509
2023-09-02 00:00:00+08:00,2023-09-01 20:00:00+08:00,Bull -> Bear,transition,Bear,Bull -> Bear,0.15,0.5610682781016263,SELL,25785.189,25060.306314645655,-0.971887633425749,12.530153157322827,100241.22525858262,0.8110682781016263
2023-09-03 08:00:00+08:00,2023-09-03 04:00:00+08:00,Bear,regime,Bear,Bear,0.2,0.31158611770669387,SELL,25843.65048,25082.761536145532,-0.9705579927865334,12.541380768072766,100331.04614458213,0.5615861177066939
2023-09-03 16:00:00+08:00,2023-09-03 12:00:00+08:00,Bear -> Consolidation,transition,Consolidation,Bear -> Consolidation,0.6,0.5621708553518585,BUY,25982.186229999996,25099.526585740445,0.966028276587426,12.549763292870223,100398.10634296181,0.31217085535185857
2023-10-03 04:00:00+08:00,2023-10-03 00:00:00+08:00,Consolidation -> Bull,transition,Bull,Consolidation -> Bull,0.85,0.8303864902056474,BUY,27992.964999999997,26181.63276170253,0.9352933053609196,13.090816380851265,104726.53104681017,0.5803864902056474
2023-10-04 12:00:00+08:00,2023-10-04 08:00:00+08:00,Consolidation,regime,Consolidation,Consolidation,0.55,0.577713002314965,SELL,27402.99957,25756.35991333671,-0.9399102403933187,12.878179956668355,103025.43965334682,0.827713002314965
2023-10-17 12:00:00+08:00,2023-10-17 08:00:00+08:00,Consolidation -> Bull,transition,Bull,Consolidation -> Bull,0.85,0.8350168316038674,BUY,28298.269999999997,26201.92138426574,0.925919548589569,13.10096069213287,104807.68553706295,0.5850168316038674
2023-11-01 04:00:00+08:00,2023-11-01 00:00:00+08:00,Bull -> Consolidation,transition,Consolidation,Bull -> Consolidation,0.35,0.610853027223593,SELL,34505.7597,31043.440483686325,-0.8996596728657541,15.521720241843163,124173.76193474529,0.860853027223593
2023-11-10 08:00:00+08:00,2023-11-10 04:00:00+08:00,Consolidation -> Bull,transition,Bull,Consolidation -> Bull,0.85,0.85,BUY,36737.8011,28975.761029321147,0.7887178917009584,14.487880514660574,128870.40537067583,0.6251558168380332
2023-11-13 08:00:00+08:00,2023-11-13 04:00:00+08:00,Bull -> Consolidation,transition,Consolidation,Bull -> Consolidation,0.35,0.6013121410534845,SELL,37027.06587,32477.55577009637,-0.8771301480955388,16.238777885048187,129910.22308038549,0.8513121410534845
2023-12-03 00:00:00+08:00,2023-12-02 20:00:00+08:00,Consolidation -> Bull,transition,Bull,Consolidation -> Bull,0.85,0.85,BUY,38850.57176,31745.904473537725,0.8171283725153013,15.872952236768862,133543.23629173532,0.6122799525077676
2023-12-12 08:00:00+08:00,2023-12-12 04:00:00+08:00,Bull -> Bear,transition,Bear,Bull -> Bear,0.15,0.607676550281476,SELL,41212.156590000006,35158.669444685394,-0.8531140409482121,17.579334722342697,140634.6777787416,0.857676550281476
2023-12-13 16:00:00+08:00,2023-12-13 12:00:00+08:00,Bear,regime,Bear,Bear,0.2,0.3568544415815921,SELL,41074.16472,35073.97032754066,-0.8539180423177856,17.53698516377033,140295.88131016266,0.6068544415815921
2023-12-15 00:00:00+08:00,2023-12-14 20:00:00+08:00,Bear -> Consolidation,transition,Consolidation,Bear -> Consolidation,0.6,0.6,BUY,42490.728279999996,33467.02222076499,0.7876311745053713,16.733511110382498,141865.28430774622,0.3640929394102824
2023-12-21 20:00:00+08:00,2023-12-21 16:00:00+08:00,Consolidation -> Bull,transition,Bull,Consolidation -> Bull,0.85,0.85,BUY,43975.531599999995,35011.12503576274,0.7961501262616402,17.505562517881373,144788.3678415024,0.6081910373208372
2023-12-23 04:00:00+08:00,2023-12-23 00:00:00+08:00,Consolidation,regime,Consolidation,Consolidation,0.55,0.5992180917503351,SELL,43597.14921,35980.3604185977,-0.8252915860458322,17.990180209298853,143921.44167439078,0.8492180917503351
2024-01-03 00:00:00+08:00,2024-01-02 20:00:00+08:00,Consolidation -> Bull,transition,Bull,Consolidation -> Bull,0.85,0.85,BUY,45230.01483,35625.51269823064,0.7876520233772083,17.81275634911532,146917.38102576826,0.6075132877437954
2024-01-05 04:00:00+08:00,2024-01-05 00:00:00+08:00,Bull -> Consolidation,transition,Consolidation,Bull -> Consolidation,0.35,0.5965199837945102,SELL,43912.52352,35867.526831692696,-0.8167949358537046,17.933763415846347,143470.10732677075,0.8465199837945102
2024-01-09 20:00:00+08:00,2024-01-09 16:00:00+08:00,Consolidation -> Bull,transition,Bull,Consolidation -> Bull,0.85,0.85,BUY,46662.615999999995,35580.56725190503,0.762506912426535,17.790283625952515,148592.13475925298,0.6105487847014769
2024-01-13 20:00:00+08:00,2024-01-13 16:00:00+08:00,Bull -> Bear,transition,Bear,Bull -> Bear,0.15,0.5882943898481443,SELL,42581.38599,34431.44290007553,-0.8086031513432081,17.215721450037766,137725.77160030213,0.8382943898481443
2024-01-15 04:00:00+08:00,2024-01-15 00:00:00+08:00,Bear,regime,Bear,Bear,0.2,0.3384693774078802,SELL,42617.34,34435.625198340305,-0.8080191114307066,17.217812599170152,137742.50079336122,0.5884693774078802
2024-01-17 04:00:00+08:00,2024-01-17 00:00:00+08:00,Bear -> Consolidation,transition,Consolidation,Bear -> Consolidation,0.6,0.5909914000286265,BUY,43209.26609999999,34560.878453857076,0.7998487725728135,17.28043922692854,138243.51381542828,0.34099140002862643
2024-01-20 00:00:00+08:00,2024-01-19 20:00:00+08:00,Consolidation -> Bear,transition,Bear,Consolidation -> Bear,0.2,0.327835305012697,SELL,40853.81529,33473.610105674925,-0.8193508945997617,16.73680505283746,133894.44042269967,0.577835305012697
2024-01-21 08:00:00+08:00,2024-01-21 04:00:00+08:00,Consolidation,regime,Consolidation,Consolidation,0.55,0.55,BUY,41737.74605,29365.728824106787,0.7035772556794975,14.682864412053394,134703.6668401332,0.33199755423912747
2024-01-24 00:00:00+08:00,2024-01-23 20:00:00+08:00,Consolidation -> Bear,transition,Bear,Consolidation -> Bear,0.2,0.2846666470729502,SELL,39164.796,32558.36210345126,-0.8313170354175025,16.27918105172563,130233.44841380505,0.5346666470729502
2024-01-25 12:00:00+08:00,2024-01-25 08:00:00+08:00,Bear -> Consolidation,transition,Consolidation,Bear -> Consolidation,0.6,0.5386943567720828,BUY,40052.02201,32736.999566514787,0.8173619688499414,16.368499783257395,130947.99826605919,0.2886943567720828
2024-01-27 16:00:00+08:00,2024-01-27 12:00:00+08:00,Consolidation -> Bull,transition,Bull,Consolidation -> Bull,0.85,0.7989574897777858,BUY,41751.86015,33472.83277134833,0.8017087777907862,16.736416385674165,133891.33108539332,0.5489574897777858
2024-02-01 08:00:00+08:00,2024-02-01 04:00:00+08:00,Bull -> Consolidation,transition,Consolidation,Bull -> Consolidation,0.35,0.5523014459778193,SELL,42537.42,34017.84223343032,-0.7997156911122094,17.008921116715157,136071.36893372124,0.8023014459778193
2024-02-09 04:00:00+08:00,2024-02-09 00:00:00+08:00,Consolidation -> Bull,transition,Bull,Consolidation -> Bull,0.85,0.8174297220791352,BUY,45329.41412999999,35197.71774834614,0.7764873741231861,17.59885887417307,140790.87099338457,0.5674297220791352
2024-02-19 04:00:00+08:00,2024-02-19 00:00:00+08:00,Bull -> Consolidation,transition,Consolidation,Bull -> Consolidation,0.35,0.5865847889711496,SELL,51706.371869999995,39296.5707191324,-0.7599947414204912,19.648285359566202,157186.28287652959,0.8365847889711496
2024-02-27 20:00:00+08:00,2024-02-27 16:00:00+08:00,Consolidation -> Bull,transition,Bull,Consolidation -> Bull,0.85,0.85,BUY,56584.3278,40120.48005145529,0.7090387323016903,20.060240025727648,165620.47979617477,0.6077565280523844
2024-03-16 00:00:00+08:00,2024-03-15 20:00:00+08:00,Bull -> Bear,transition,Bear,Bull -> Bear,0.15,0.6223842940345238,SELL,68088.91293,48628.44181600155,-0.7141903097497659,24.314220908000774,194513.7672640062,0.8723842940345238
2024-03-17 08:00:00+08:00,2024-03-17 04:00:00+08:00,Bear,regime,Bear,Bear,0.2,0.36225392214892116,SELL,65235.33936,47342.28372562358,-0.7257152977217773,23.67114186281179,189369.13490249432,0.6122539221489212
2024-03-19 04:00:00+08:00,2024-03-19 00:00:00+08:00,Bear -> Consolidation,transition,Consolidation,Bear -> Consolidation,0.6,0.6,BUY,67002.93599999999,44339.797524233785,0.6617590238767118,22.169898762116894,191014.88596005252,0.3678725545321808
2024-03-20 12:00:00+08:00,2024-03-20 08:00:00+08:00,Bear,regime,Bear,Bear,0.2,0.3309120739711079,SELL,61798.95918,45565.488612998706,-0.7373180587116598,22.782744306499353,182261.9544519948,0.5809120739711079
2024-03-24 20:00:00+08:00,2024-03-24 16:00:00+08:00,Bear -> Consolidation,transition,Consolidation,Bear -> Consolidation,0.6,0.5929880769953277,BUY,65399.333999999995,46394.321809394336,0.7094005240083078,23.197160904697167,185577.28723757731,0.3429880769953277
2024-03-26 04:00:00+08:00,2024-03-26 00:00:00+08:00,Consolidation -> Bull,transition,Bull,Consolidation -> Bull,0.85,0.85,BUY,71031.85088999999,46261.76522562165,0.6512819903463121,23.130882612810826,194981.37438686943,0.6127375159750794
2024-03-30 20:00:00+08:00,2024-03-30 16:00:00+08:00,Bull -> Consolidation,transition,Consolidation,Bull -> Consolidation,0.35,0.598655986333768,SELL,70113.35646,48274.250443541154,-0.6885171796201461,24.137125221770578,193097.00177416464,0.848655986333768
2024-04-03 08:00:00+08:00,2024-04-03 04:00:00+08:00,Consolidation -> Bear,transition,Bear,Consolidation -> Bear,0.2,0.3317953318927249,SELL,65398.52601,46313.56038203276,-0.7081743765134861,23.15678019101638,185254.241528131,0.5817953318927249
2024-04-05 20:00:00+08:00,2024-04-05 16:00:00+08:00,Bear -> Consolidation,transition,Consolidation,Bear -> Consolidation,0.6,0.5850854880618028,BUY,66544.47799999999,46534.02428938206,0.6992920477846722,23.26701214469103,186136.09715752827,0.3350854880618029
2024-04-09 12:00:00+08:00,2024-04-09 08:00:00+08:00,Consolidation -> Bull,transition,Bull,Consolidation -> Bull,0.85,0.85,BUY,71356.28499999999,48116.61584608452,0.6743150354041627,24.05830792304226,193937.90031978325,0.6018967887826707
2024-04-10 20:00:00+08:00,2024-04-10 16:00:00+08:00,Bull -> Consolidation,transition,Consolidation,Bull -> Consolidation,0.35,0.5959496497462454,SELL,68973.957,47170.65993710069,-0.6838908769160611,23.585329968550344,188682.63974840278,0.8459496497462454
2024-04-14 00:00:00+08:00,2024-04-13 20:00:00+08:00,Consolidation -> Bear,transition,Bear,Consolidation -> Bear,0.2,0.3410984591122057,SELL,67608.31401,46596.60928502723,-0.6892141886297459,23.298304642513617,186386.43714010896,0.5910984591122057
2024-04-21 20:00:00+08:00,2024-04-21 16:00:00+08:00,Bear -> Consolidation,transition,Consolidation,Bear -> Consolidation,0.6,0.5827667462728288,BUY,65299.25401999999,46006.02999088846,0.704541432843898,23.003014995444232,184024.11996355385,0.3327667462728287
2024-05-01 16:00:00+08:00,2024-05-01 12:00:00+08:00,Consolidation -> Bear,transition,Bear,Consolidation -> Bear,0.2,0.3017679036121258,SELL,57442.5,42811.514358431545,-0.7452933691679775,21.405757179215772,171246.0574337262,0.5517679036121258
2024-05-04 20:00:00+08:00,2024-05-04 16:00:00+08:00,Bear -> Bull,transition,Bull,Bear -> Bull,1.0,0.5742240061274155,BUY,63937.173299999995,44226.22622248333,0.6917138174840666,22.113113111241667,176904.90488993333,0.32422400612741553
2024-05-06 04:00:00+08:00,2024-05-06 00:00:00+08:00,Bull,regime,Bull,Bull,0.9,0.8242148271418992,BUY,63943.819939999994,44212.28907636828,0.6914239580596486,22.10614453818414,176849.15630547312,0.5742148271418992
2024-05-08 00:00:00+08:00,2024-05-07 20:00:00+08:00,Bull -> Consolidation,transition,Consolidation,Bull -> Consolidation,0.35,0.5739571811446146,SELL,63676.73952,44116.18941404829,-0.6928148291919374,22.058094707024146,176464.75765619313,0.8239571811446146
2024-05-16 20:00:00+08:00,2024-05-16 16:00:00+08:00,Consolidation -> Bull,transition,Bull,Consolidation -> Bull,0.85,0.8342661947617932,BUY,66570.31380999999,45196.88063537743,0.6789344686638399,22.598440317688713,180787.5225415098,0.5842661947617932
2024-05-24 04:00:00+08:00,2024-05-24 00:00:00+08:00,Bull -> Consolidation,transition,Consolidation,Bull -> Consolidation,0.35,0.585763542196607,SELL,67132.78001999999,45574.542355747704,-0.6788716680907639,22.78727117787385,182298.16942299082,0.835763542196607
2024-06-05 20:00:00+08:00,2024-06-05 16:00:00+08:00,Consolidation -> Bull,transition,Bull,Consolidation -> Bull,0.85,0.8489187983785909,BUY,71042.67169999999,47055.16014554034,0.6623506551702553,23.52758007277017,188220.64058216137,0.5989187983785909
2024-06-08 00:00:00+08:00,2024-06-07 20:00:00+08:00,Bull -> Consolidation,transition,Consolidation,Bull -> Consolidation,0.35,0.5992393878317153,SELL,71040.43845,47116.20721152914,-0.6632308054333121,23.55810360576457,188464.82884611658,0.8492393878317153
2024-06-25 04:00:00+08:00,2024-06-25 00:00:00+08:00,Consolidation -> Bear,transition,Bear,Consolidation -> Bear,0.2,0.3049432854111088,SELL,59247.41328,42413.53944446227,-0.7158715814987269,21.206769722231137,169654.15777784912,0.5549432854111088
2024-06-27 00:00:00+08:00,2024-06-26 20:00:00+08:00,Bear -> Consolidation,transition,Consolidation,Bear -> Consolidation,0.6,0.5624442324211583,BUY,61529.31784999999,42868.54256450391,0.6967173383753662,21.434271282251952,171474.17025801569,0.3124442324211583
2024-07-04 16:00:00+08:00,2024-07-04 12:00:00+08:00,Consolidation -> Bear,transition,Bear,Consolidation -> Bear,0.2,0.2990031435677267,SELL,58161.77001,41579.0469745618,-0.7148862039001382,20.789523487280903,166316.1878982472,0.5490031435677267
2024-07-10 04:00:00+08:00,2024-07-10 00:00:00+08:00,Bear -> Consolidation,transition,Consolidation,Bear -> Consolidation,0.6,0.5475742328857356,BUY,57919.87201,41487.06554639436,0.7162837918431781,20.74353277319718,165948.26218557742,0.29757423288573553
2024-07-15 12:00:00+08:00,2024-07-15 08:00:00+08:00,Consolidation -> Bull,transition,Bull,Consolidation -> Bull,0.85,0.817132945956114,BUY,62710.517869999996,43349.64141219095,0.6912658814595586,21.674820706095474,173398.56564876376,0.567132945956114
2024-07-19 20:00:00+08:00,2024-07-19 16:00:00+08:00,Bull -> Consolidation,transition,Consolidation,Bull -> Consolidation,0.35,0.5706245733308064,SELL,64051.87401,44163.253912918386,-0.6894919874791402,22.081626956459193,176653.01565167357,0.8206245733308064
2024-07-21 04:00:00+08:00,2024-07-21 00:00:00+08:00,Bull,regime,Bull,Bull,0.9,0.8321458754436958,BUY,67291.22399999999,45367.735942177474,0.6741998918340003,22.683867971088738,181470.94376870996,0.5821458754436958
2024-07-23 16:00:00+08:00,2024-07-23 12:00:00+08:00,Bull -> Consolidation,transition,Consolidation,Bull -> Consolidation,0.35,0.5808510831066452,SELL,66509.424,44986.93087985103,-0.6763993457506268,22.493465439925515,179947.72351940413,0.8308510831066452
2024-08-02 04:00:00+08:00,2024-08-02 00:00:00+08:00,Consolidation -> Bear,transition,Bear,Consolidation -> Bear,0.2,0.31895829728040104,SELL,63358.58799,43732.65943260361,-0.6902404365372854,21.866329716301802,174930.63773041446,0.568958297280401
2024-08-10 04:00:00+08:00,2024-08-10 00:00:00+08:00,Bear -> Bull,transition,Bull,Bear -> Bull,1.0,0.5593119589227113,BUY,60742.471789999996,43113.962441801414,0.7097828121130106,21.556981220900706,172455.84976720565,0.30931195892271135
2024-08-11 12:00:00+08:00,2024-08-11 08:00:00+08:00,Bull,regime,Bull,Bull,0.9,0.8109044251058237,BUY,61146.09501,43258.05016556992,0.7074540108979221,21.62902508278496,173032.20066227965,0.5609044251058237
2024-08-14 00:00:00+08:00,2024-08-13 20:00:00+08:00,Bull -> Consolidation,transition,Consolidation,Bull -> Consolidation,0.35,0.5568225146110061,SELL,59412.77775,42316.00070851011,-0.7122373723472323,21.158000354255055,169264.0028340404,0.8068225146110061
2024-08-24 20:00:00+08:00,2024-08-24 16:00:00+08:00,Consolidation -> Bull,transition,Bull,Consolidation -> Bull,0.85,0.8244416559001487,BUY,63968.90499999999,44055.55559081887,0.688702668754747,22.027777795409435,176222.22236327548,0.5744416559001487
2024-08-27 12:00:00+08:00,2024-08-27 08:00:00+08:00,Bull -> Consolidation,transition,Consolidation,Bull -> Consolidation,0.35,0.5723579133010617,SELL,62907.03,43507.78347122649,-0.6916203717013264,21.753891735613244,174031.13388490598,0.8223579133010617
2024-08-29 04:00:00+08:00,2024-08-29 00:00:00+08:00,Consolidation -> Bear,transition,Bear,Consolidation -> Bear,0.2,0.3058894887718646,SELL,58839.95115,41882.190058753564,-0.7117985185267028,20.941095029376783,167528.76023501426,0.5558894887718646
2024-08-30 16:00:00+08:00,2024-08-30 12:00:00+08:00,Bear -> Consolidation,transition,Consolidation,Bear -> Consolidation,0.6,0.5570929555092214,BUY,59330.381109999995,41947.37708380281,0.7070134440234142,20.973688541901403,167789.50833521126,0.3070929555092215
2024-09-02 16:00:00+08:00,2024-09-02 12:00:00+08:00,Consolidation -> Bear,transition,Bear,Consolidation -> Bear,0.2,0.2997605703255418,SELL,57490.452,41252.596201139655,-0.7175556073404964,20.626298100569826,165010.38480455865,0.5497605703255418
2024-09-04 00:00:00+08:00,2024-09-03 20:00:00+08:00,Consolidation,regime,Consolidation,Consolidation,0.55,0.55,BUY,57782.73501,41230.931709385724,0.713551058153447,20.61546585469286,165100.4883076016,0.3002676574004575
2024-09-07 20:00:00+08:00,2024-09-07 16:00:00+08:00,Consolidation -> Bear,transition,Bear,Consolidation -> Bear,0.2,0.2848949320034282,SELL,54271.683990000005,39923.56210635482,-0.7356241629375468,19.961781053177408,159694.24842541924,0.5348949320034282
2024-09-11 00:00:00+08:00,2024-09-10 20:00:00+08:00,Bear -> Bull,transition,Bull,Bear -> Bull,1.0,0.5431617287599464,BUY,56652.606009999996,40383.42618232783,0.7128255701988285,20.191713091163916,161533.70472931128,0.29316172875994634
2024-09-14 20:00:00+08:00,2024-09-14 16:00:00+08:00,Consolidation -> Bull,transition,Bull,Consolidation -> Bull,0.85,0.8063575167252887,BUY,59766.1064,41573.22026392036,0.6955986054316625,20.78661013196018,166292.88105568144,0.5563575167252887
2024-09-17 00:00:00+08:00,2024-09-16 20:00:00+08:00,Bull -> Consolidation,transition,Consolidation,Bull -> Consolidation,0.35,0.5515184075502636,SELL,57823.8183,40533.45631603824,-0.7009820089317457,20.26672815801912,162133.82526415295,0.8015184075502636
2024-09-20 04:00:00+08:00,2024-09-20 00:00:00+08:00,Consolidation -> Bull,transition,Bull,Consolidation -> Bull,0.85,0.8233073637811757,BUY,63315.24198999999,42591.41314252518,0.6726881522343715,21.295706571262592,170365.65257010076,0.5733073637811757
2024-09-24 12:00:00+08:00,2024-09-24 08:00:00+08:00,Bull -> Consolidation,transition,Consolidation,Bull -> Consolidation,0.35,0.573071393666485,SELL,63060.88599,42504.518051869716,-0.6740234835680861,21.25225902593486,170018.07220747886,0.823071393666485
2024-09-28 04:00:00+08:00,2024-09-28 00:00:00+08:00,Consolidation -> Bull,transition,Bull,Consolidation -> Bull,0.85,0.8326369700289704,BUY,65723.64799,43465.95238985401,0.6613441846147592,21.732976194927005,173863.80955941603,0.5826369700289704
2024-09-29 20:00:00+08:00,2024-09-29 16:00:00+08:00,Bull -> Consolidation,transition,Consolidation,Bull -> Consolidation,0.35,0.5827712347510742,SELL,65626.22808,43468.360468208615,-0.6623626214692638,21.734180234104308,173873.44187283446,0.8327712347510742
2024-10-02 20:00:00+08:00,2024-10-02 16:00:00+08:00,Consolidation -> Bear,transition,Bear,Consolidation -> Bear,0.2,0.3152785632526929,SELL,61102.84599,41706.746637908225,-0.6825663512421972,20.853373318954112,166826.98655163287,0.5652785632526929
2024-10-05 12:00:00+08:00,2024-10-05 08:00:00+08:00,Bear -> Consolidation,transition,Consolidation,Bear -> Consolidation,0.6,0.5676007053354308,BUY,61923.85198999999,41841.03113803695,0.6756852132647339,20.920515569018477,167364.1245521478,0.31760070533543083
2024-10-15 08:00:00+08:00,2024-10-15 04:00:00+08:00,Consolidation -> Bull,transition,Bull,Consolidation -> Bull,0.85,0.8336896306974522,BUY,66150.08399999999,43445.47615648956,0.656771292331081,21.72273807824478,173781.9046259582,0.5836896306974522
2024-10-23 00:00:00+08:00,2024-10-22 20:00:00+08:00,Bull -> Consolidation,transition,Consolidation,Bull -> Consolidation,0.35,0.5862282515425241,SELL,67214.98773000001,44085.76306716271,-0.6558918562070338,22.042881533581358,176343.05226865088,0.8362282515425241
2024-10-30 00:00:00+08:00,2024-10-29 20:00:00+08:00,Consolidation -> Bull,transition,Bull,Consolidation -> Bull,0.85,0.85,BUY,72474.40199999999,45322.75189640242,0.6253622057675264,22.66137594820121,184139.8552506115,0.6038677771049681
2024-11-01 20:00:00+08:00,2024-11-01 16:00:00+08:00,Bull -> Consolidation,transition,Consolidation,Bull -> Consolidation,0.35,0.5957204234282747,SELL,69932.00799,44721.27407416905,-0.6394964960903742,22.360637037084526,178885.09629667623,0.8457204234282747
2024-11-07 08:00:00+08:00,2024-11-07 04:00:00+08:00,Consolidation -> Bull,transition,Bull,Consolidation -> Bull,0.85,0.85,BUY,75647.56199,44203.174867777954,0.5843304622774393,22.101587433888977,187293.7032066503,0.6139900642094389
2024-11-25 20:00:00+08:00,2024-11-25 16:00:00+08:00,Bull -> Consolidation,transition,Consolidation,Bull -> Consolidation,0.35,0.6304722509149652,SELL,98089.90191,58714.30297242655,-0.5985764266162528,29.357151486213276,234857.2118897062,0.8804722509149652
2024-11-27 04:00:00+08:00,2024-11-27 00:00:00+08:00,Bear,regime,Bear,Bear,0.2,0.364352798299709,SELL,91592.21609999999,56241.10542744702,-0.6140380462685084,28.120552713723512,224964.42170978812,0.614352798299709
2024-11-28 12:00:00+08:00,2024-11-28 08:00:00+08:00,Bear -> Consolidation,transition,Consolidation,Bear -> Consolidation,0.6,0.6,BUY,95566.91144,51664.36966670581,0.5406093896750276,25.832184833352905,228263.7873063287,0.3736637498379341
2024-12-06 04:00:00+08:00,2024-12-06 00:00:00+08:00,Consolidation -> Bull,transition,Bull,Consolidation -> Bull,0.85,0.85,BUY,99127.03800999999,56286.710502300964,0.5678239926489353,28.14335525115048,233286.48156931446,0.6087227938641744
2024-12-08 12:00:00+08:00,2024-12-08 08:00:00+08:00,Bull -> Consolidation,transition,Consolidation,Bull -> Consolidation,0.35,0.6012245111178504,SELL,99834.89517,58754.35050299668,-0.5885151720042285,29.37717525149834,235017.40201198673,0.8512245111178504
2024-12-16 20:00:00+08:00,2024-12-16 16:00:00+08:00,Consolidation -> Bull,transition,Bull,Consolidation -> Bull,0.85,0.85,BUY,103861.75799999999,57639.917845754186,0.5549676700615273,28.819958922877092,240332.5624142466,0.610166008023483
2024-12-20 20:00:00+08:00,2024-12-20 16:00:00+08:00,Bull -> Bear,transition,Bear,Bull -> Bear,0.15,0.5851650684720816,SELL,92631.26601,54632.02500422856,-0.5897795351121593,27.316012502114283,218528.1000169142,0.8351650684720816
2024-12-22 04:00:00+08:00,2024-12-22 00:00:00+08:00,Bear,regime,Bear,Bear,0.2,0.34670161382040066,SELL,97171.76097,56177.867616474,-0.5781295620835551,28.088933808237,224711.47046589607,0.5967016138204007
2024-12-26 04:00:00+08:00,2024-12-26 00:00:00+08:00,Bear -> Consolidation,transition,Consolidation,Bear -> Consolidation,0.6,0.6,BUY,99117.53851999999,56364.59463401818,0.5686641887565126,28.18229731700909,226027.39360897045,0.3506293651665538
2025-01-07 08:00:00+08:00,2025-01-07 04:00:00+08:00,Consolidation -> Bull,transition,Bull,Consolidation -> Bull,0.85,0.85,BUY,102337.83559999999,55830.6939220723,0.5455528113794924,27.91534696103615,230347.20816132563,0.6076237438789759
2025-01-09 12:00:00+08:00,2025-01-09 08:00:00+08:00,Bull -> Bear,transition,Bear,Bull -> Bear,0.15,0.5890850343497886,SELL,93933.88209,53637.282489132616,-0.5710110270726555,26.818641244566308,214549.12995653047,0.8390850343497886
2025-01-10 20:00:00+08:00,2025-01-10 16:00:00+08:00,Bear,regime,Bear,Bear,0.2,0.3417312971458849,SELL,94978.87604999999,53968.51945115828,-0.5682160254533596,26.98425972557914,215874.07780463313,0.5917312971458849
2025-01-11 12:00:00+08:00,2025-01-11 08:00:00+08:00,Bear -> Consolidation,transition,Consolidation,Bear -> Consolidation,0.6,0.5895518017954591,BUY,94301.16696,53780.207631271915,0.5703026734980281,26.890103815635957,215120.8305250877,0.3395518017954591
2025-01-16 20:00:00+08:00,2025-01-16 16:00:00+08:00,Consolidation -> Bull,transition,Bull,Consolidation -> Bull,0.85,0.85,BUY,99257.85869999998,55013.52327921876,0.5542485401130134,27.50676163960938,221703.62601501495,0.6018600653130817
2025-01-23 12:00:00+08:00,2025-01-23 08:00:00+08:00,Bull -> Consolidation,transition,Consolidation,Bull -> Consolidation,0.35,0.604196303747821,SELL,102358.77876,56973.927950259415,-0.556610079178903,28.486963975129708,227895.71180103766,0.854196303747821
2025-02-03 08:00:00+08:00,2025-02-03 04:00:00+08:00,Consolidation -> Bear,transition,Bear,Consolidation -> Bear,0.2,0.34274028889093544,SELL,97602.88941,55353.79247393095,-0.5671327233091076,27.676896236965476,221415.1698957238,0.5927402888909354
2025-02-05 04:00:00+08:00,2025-02-05 00:00:00+08:00,Bear -> Consolidation,transition,Consolidation,Bear -> Consolidation,0.6,0.5952800679301946,BUY,98958.63977999998,55557.95179650876,0.5614259848359121,27.77897589825438,222231.80718603503,0.34528006793019467
2025-02-26 04:00:00+08:00,2025-02-26 00:00:00+08:00,Consolidation -> Bear,transition,Bear,Consolidation -> Bear,0.2,0.3167886428330823,SELL,87859.29276000001,51887.98807133983,-0.5905805344128953,25.943994035669917,207551.95228535938,0.5667886428330823
2025-03-04 00:00:00+08:00,2025-03-03 20:00:00+08:00,Bear -> Bull,transition,Bull,Bear -> Bull,1.0,0.5717564712434002,BUY,90125.41537999999,52258.48128230609,0.5798417800568931,26.129240641153046,209033.92512922443,0.3217564712434003
2025-03-05 08:00:00+08:00,2025-03-05 04:00:00+08:00,Bear,regime,Bear,Bear,0.2,0.3140997180999906,SELL,87194.69802,51325.555524112475,-0.5886316105176469,25.662777762056237,205302.22209644987,0.5640997180999906
2025-03-06 16:00:00+08:00,2025-03-06 12:00:00+08:00,Bear -> Bull,transition,Bull,Bear -> Bull,1.0,0.5738529985834795,BUY,91437.83649,52056.42742552109,0.5693094830739371,26.028213712760547,208225.70970208442,0.32385299858347955
2025-03-08 00:00:00+08:00,2025-03-07 20:00:00+08:00,Bull,regime,Bull,Bull,0.9,0.815942363703375,BUY,88546.44799,51092.715676263266,0.5770159824144886,25.546357838131634,204370.862705053,0.565942363703375
2025-03-08 08:00:00+08:00,2025-03-08 04:00:00+08:00,Bull -> Bear,transition,Bear,Bull -> Bear,0.15,0.5631435571088202,SELL,86714.93826000001,50293.25050012817,-0.5799836972648519,25.146625250064083,201173.0020005127,0.8131435571088202
2025-03-09 16:00:00+08:00,2025-03-09 12:00:00+08:00,Bear,regime,Bear,Bear,0.2,0.3108335617281103,SELL,85918.60539,50014.39532820158,-0.5821136772550863,25.00719766410079,200057.5813128063,0.5608335617281103
2025-03-15 04:00:00+08:00,2025-03-15 00:00:00+08:00,Bear -> Consolidation,transition,Consolidation,Bear -> Consolidation,0.6,0.5570686171341728,BUY,84638.55399999999,49733.62694111921,0.5876001489949748,24.866813470559606,198934.50776447685,0.30706861713417277
2025-03-25 04:00:00+08:00,2025-03-25 00:00:00+08:00,Consolidation -> Bull,transition,Bull,Consolidation -> Bull,0.85,0.8174791214397013,BUY,88310.23200999998,50916.31073602673,0.5765618499367222,25.458155368013365,203665.24294410693,0.5674791214397013
2025-03-27 04:00:00+08:00,2025-03-27 00:00:00+08:00,Bull -> Consolidation,transition,Consolidation,Bull -> Consolidation,0.35,0.5646941098462546,SELL,86480.61282,50116.729813831334,-0.5795140457450719,25.058364906915667,200466.91925532534,0.8146941098462546
2025-04-08 00:00:00+08:00,2025-04-07 20:00:00+08:00,Consolidation -> Bear,transition,Bear,Consolidation -> Bear,0.2,0.29041184645297746,SELL,78401.43009000001,47455.18987740053,-0.6052847482874343,23.727594938700268,189820.75950960215,0.5404118464529775
2025-04-12 16:00:00+08:00,2025-04-12 12:00:00+08:00,Bear -> Bull,transition,Bull,Bear -> Bull,1.0,0.5537769571817814,BUY,83808.64491999999,48357.64775367232,0.5770007115594386,24.17882387683616,193430.59101468924,0.30377695718178144
2025-04-14 00:00:00+08:00,2025-04-13 20:00:00+08:00,Bull,regime,Bull,Bull,0.9,0.8041025835123362,BUY,83933.50966,48379.40571203749,0.5764015577093585,24.189702856018748,193517.62284814997,0.5541025835123362
2025-04-15 20:00:00+08:00,2025-04-15 16:00:00+08:00,Bull -> Consolidation,transition,Consolidation,Bull -> Consolidation,0.35,0.5573679141274613,SELL,85503.64077,49168.0974204354,-0.5750409804501171,24.5840487102177,196672.3896817416,0.8073679141274613
2025-04-22 08:00:00+08:00,2025-04-22 04:00:00+08:00,Consolidation -> Bull,transition,Bull,Consolidation -> Bull,0.85,0.8128126032590488,BUY,87603.73621999999,49766.374030004066,0.5680850632332091,24.883187015002033,199065.49612001627,0.5628126032590488
2025-04-29 20:00:00+08:00,2025-04-29 16:00:00+08:00,Bull -> Consolidation,transition,Consolidation,Bull -> Consolidation,0.35,0.5752267031153904,SELL,95034.61026,53265.67255468978,-0.5604870942171819,26.63283627734489,213062.69021875906,0.8252267031153904
2025-05-09 08:00:00+08:00,2025-05-09 04:00:00+08:00,Consolidation -> Bull,transition,Bull,Consolidation -> Bull,0.85,0.8451005766819332,BUY,103364.87160999999,55863.69313001938,0.5404514344176371,27.931846565009693,223454.77252007753,0.5951005766819332
2025-05-14 08:00:00+08:00,2025-05-14 04:00:00+08:00,Bull -> Consolidation,transition,Consolidation,Bull -> Consolidation,0.35,0.5962274297354512,SELL,103999.61628,56227.65408512874,-0.5406525148491513,28.11382704256437,224910.61634051488,0.8462274297354512
2025-05-22 20:00:00+08:00,2025-05-22 16:00:00+08:00,Consolidation -> Bull,transition,Bull,Consolidation -> Bull,0.85,0.85,BUY,111092.96197999998,55732.249161940126,0.5016721866860799,27.866124580970062,233682.49767073896,0.6115043928515885
2025-05-24 20:00:00+08:00,2025-05-24 16:00:00+08:00,Bull -> Consolidation,transition,Consolidation,Bull -> Consolidation,0.35,0.5980009754151309,SELL,109099.36143,57606.469221902546,-0.528018390454685,28.803234610951275,230425.87688761018,0.8480009754151309
2025-06-10 16:00:00+08:00,2025-06-10 12:00:00+08:00,Consolidation -> Bull,transition,Bull,Consolidation -> Bull,0.85,0.8479675961031895,BUY,109314.34513999999,57583.77534730363,0.5267723579513329,28.791887673651814,230335.1013892145,0.5979675961031895
2025-06-12 12:00:00+08:00,2025-06-12 08:00:00+08:00,Bull -> Consolidation,transition,Consolidation,Bull -> Consolidation,0.35,0.596431573769561,SELL,107752.17996,56960.93939557619,-0.5286291137378507,28.480469697788095,227843.75758230477,0.846431573769561
2025-06-26 12:00:00+08:00,2025-06-26 08:00:00+08:00,Consolidation -> Bull,transition,Bull,Consolidation -> Bull,0.85,0.8463911447014931,BUY,107961.64378999999,56937.59254627698,0.5273872326085393,28.46879627313849,227750.3701851079,0.5963911447014931
2025-06-27 20:00:00+08:00,2025-06-27 16:00:00+08:00,Consolidation,regime,Consolidation,Consolidation,0.55,0.5954027943682579,SELL,106876.6164,56527.549639123754,-0.5289047458946666,28.263774819561878,226110.19855649496,0.8454027943682579
2025-07-12 00:00:00+08:00,2025-07-11 20:00:00+08:00,Consolidation -> Bull,transition,Bull,Consolidation -> Bull,0.85,0.85,BUY,117019.48257999998,55679.987620304484,0.4758180979157812,27.839993810152244,238502.02070448108,0.6165429103877678
2025-07-16 12:00:00+08:00,2025-07-16 08:00:00+08:00,Bull -> Consolidation,transition,Consolidation,Bull -> Consolidation,0.35,0.6006940466400552,SELL,117365.18733,59856.05782524045,-0.5099984006069959,29.928028912620228,239424.23130096187,0.8506940466400552
2025-08-03 00:00:00+08:00,2025-08-02 20:00:00+08:00,Consolidation -> Bear,transition,Bear,Consolidation -> Bear,0.2,0.34096125059260174,SELL,112727.8593,58413.532364998246,-0.518181864959785,29.206766182499123,233654.12945999298,0.5909612505926017
2025-08-04 08:00:00+08:00,2025-08-04 04:00:00+08:00,Bear -> Consolidation,transition,Consolidation,Bear -> Consolidation,0.6,0.5935515658901722,BUY,114323.01880999998,58632.90645051928,0.5128705230218307,29.31645322525964,234531.62580207712,0.3435515658901722
2025-08-12 00:00:00+08:00,2025-08-11 20:00:00+08:00,Consolidation -> Bull,transition,Bull,Consolidation -> Bull,0.85,0.85,BUY,120434.71439999998,59013.30848051101,0.49000247789445517,29.506654240255507,241882.58081833372,0.6060249759165872
2025-08-13 08:00:00+08:00,2025-08-13 04:00:00+08:00,Consolidation,regime,Consolidation,Consolidation,0.55,0.599875891690299,SELL,120013.95590999999,60371.516734876,-0.503037469910161,30.185758367438,241486.06693950397,0.849875891690299
2025-08-27 00:00:00+08:00,2025-08-26 20:00:00+08:00,Consolidation -> Bear,transition,Bear,Consolidation -> Bear,0.2,0.3277825658825979,SELL,109556.67366,57194.58958802688,-0.5220548203711033,28.59729479401344,228778.35835210752,0.5777825658825979
2025-08-28 08:00:00+08:00,2025-08-28 04:00:00+08:00,Consolidation,regime,Consolidation,Consolidation,0.55,0.55,BUY,111373.27200999999,50357.94220718068,0.45215464445238834,25.17897110359034,229782.80340237898,0.33084547032443723
2025-09-13 04:00:00+08:00,2025-09-13 00:00:00+08:00,Consolidation -> Bull,transition,Bull,Consolidation -> Bull,0.85,0.8115995446058702,BUY,116749.14250999998,58951.286026282265,0.5049397773626721,29.475643013141134,235805.144105129,0.5615995446058702
2025-09-14 20:00:00+08:00,2025-09-14 16:00:00+08:00,Bull -> Consolidation,transition,Consolidation,Bull -> Consolidation,0.35,0.5605496714156545,SELL,115679.12508,58585.70056650197,-0.5064500663018151,29.292850283250985,234342.80226600793,0.8105496714156545
2025-09-23 12:00:00+08:00,2025-09-23 08:00:00+08:00,Consolidation -> Bear,transition,Bear,Consolidation -> Bear,0.2,0.3030348626072499,SELL,112227.65001000001,57584.31698243682,-0.5131027601246733,28.792158491218412,230337.26792974735,0.5530348626072499
2025-09-25 12:00:00+08:00,2025-09-25 08:00:00+08:00,Bear -> Consolidation,transition,Consolidation,Bear -> Consolidation,0.6,0.553285664602406,BUY,112658.76621999999,57594.71467572093,0.5112315411234842,28.797357337860465,230378.85870288374,0.303285664602406
2025-09-27 00:00:00+08:00,2025-09-26 20:00:00+08:00,Consolidation -> Bear,transition,Bear,Consolidation -> Bear,0.2,0.29538033951302667,SELL,108918.76221,56577.371339137855,-0.5194455958841534,28.288685669568927,226309.48535655142,0.5453803395130267
2025-09-29 04:00:00+08:00,2025-09-29 00:00:00+08:00,Bear -> Consolidation,transition,Consolidation,Bear -> Consolidation,0.6,0.5477317813701182,BUY,110447.94760999999,56756.74187645111,0.513877741548113,28.378370938225554,227026.96750580447,0.29773178137011824
2025-10-02 00:00:00+08:00,2025-10-01 20:00:00+08:00,Consolidation -> Bull,transition,Bull,Consolidation -> Bull,0.85,0.8130562029201663,BUY,117541.15372999998,58731.06821167504,0.49966387386824784,29.365534105837522,234924.27284670013,0.5630562029201663
2025-10-09 00:00:00+08:00,2025-10-08 20:00:00+08:00,Bull -> Consolidation,transition,Consolidation,Bull -> Consolidation,0.35,0.5690819199023176,SELL,122067.53028,60646.60595886645,-0.496828319699387,30.323302979433226,242586.4238354658,0.8190819199023176
2025-10-12 00:00:00+08:00,2025-10-11 20:00:00+08:00,Consolidation -> Bear,transition,Bear,Consolidation -> Bear,0.2,0.297117899522667,SELL,111681.41679,57688.60847216939,-0.5165461733051264,28.844304236084696,230754.43388867757,0.547117899522667
2025-10-15 20:00:00+08:00,2025-10-15 16:00:00+08:00,Bear -> Consolidation,transition,Consolidation,Bear -> Consolidation,0.6,0.547189202236617,BUY,112017.62571999998,57684.20085390168,0.514956467637419,28.842100426950843,230736.80341560673,0.29718920223661704
2025-10-17 20:00:00+08:00,2025-10-17 16:00:00+08:00,Consolidation -> Bear,transition,Bear,Consolidation -> Bear,0.2,0.2829357151098377,SELL,105578.02629000001,55908.40346106222,-0.5295458290486879,27.95420173053111,223633.6138442489,0.5329357151098377
2025-10-20 08:00:00+08:00,2025-10-20 04:00:00+08:00,Bear -> Consolidation,transition,Consolidation,Bear -> Consolidation,0.6,0.5384257665972574,BUY,108751.41277,56329.935676631176,0.5179696910766962,28.16496783831559,225319.74270652467,0.2884257665972574
2025-10-27 16:00:00+08:00,2025-10-27 12:00:00+08:00,Consolidation -> Bull,transition,Bull,Consolidation -> Bull,0.85,0.8036653821118372,BUY,115670.14458999998,58237.48504786688,0.5034789681839965,29.11874252393344,232949.94019146758,0.5536653821118372
2025-10-29 04:00:00+08:00,2025-10-29 00:00:00+08:00,Bull -> Consolidation,transition,Consolidation,Bull -> Consolidation,0.35,0.551137801111376,SELL,113575.311,57460.66749673872,-0.5059256892260565,28.73033374836936,229842.66998695495,0.801137801111376
2025-11-05 12:00:00+08:00,2025-11-05 08:00:00+08:00,Consolidation -> Bear,transition,Bear,Consolidation -> Bear,0.2,0.2744456168384791,SELL,102027.87,54220.37918636828,-0.5314271403134093,27.11018959318414,216881.51674547314,0.5244456168384791
2025-11-09 04:00:00+08:00,2025-11-09 00:00:00+08:00,Bear -> Consolidation,transition,Consolidation,Bear -> Consolidation,0.6,0.5240246416589485,BUY,102091.63964999998,54179.60234605217,0.5306957801030104,27.089801173026085,216718.40938420873,0.2740246416589485
2025-11-15 00:00:00+08:00,2025-11-14 20:00:00+08:00,Consolidation -> Bear,transition,Bear,Consolidation -> Bear,0.2,0.26092184834435517,SELL,96699.34386,52714.24025765319,-0.5451354492536388,26.357120128826594,210856.9610306128,0.5109218483443552
2025-11-25 20:00:00+08:00,2025-11-25 16:00:00+08:00,Bear -> Consolidation,transition,Consolidation,Bear -> Consolidation,0.6,0.4914908668280047,BUY,87449.07171,51355.154831989166,0.5872578613789514,25.677577415994584,205420.61932795667,0.24149086682800466
2025-11-28 00:00:00+08:00,2025-11-27 20:00:00+08:00,Consolidation -> Bull,transition,Bull,Consolidation -> Bull,0.85,0.7515104514008699,BUY,91049.24828999999,52374.51005050015,0.5752327562736449,26.187255025250074,209498.04020200056,0.5015104514008699
2025-11-30 04:00:00+08:00,2025-11-30 00:00:00+08:00,Bull -> Consolidation,transition,Consolidation,Bull -> Consolidation,0.35,0.500888803716787,SELL,90550.12923,52217.53072874484,-0.5766698642263752,26.10876536437242,208870.12291497938,0.750888803716787
2025-12-02 08:00:00+08:00,2025-12-02 04:00:00+08:00,Consolidation -> Bear,transition,Bear,Consolidation -> Bear,0.2,0.23851930744069472,SELL,86199.72399,50941.95620026666,-0.5909758621289369,25.47097810013333,203767.8248010666,0.4885193074406947
2025-12-03 20:00:00+08:00,2025-12-03 16:00:00+08:00,Bear -> Bull,transition,Bull,Bear -> Bull,1.0,0.5022388727488616,BUY,93098.68567999998,51868.09922275319,0.5571303058029723,25.934049611376594,207472.39689101267,0.25223887274886153
2025-12-05 04:00:00+08:00,2025-12-05 00:00:00+08:00,Bull,regime,Bull,Bull,0.9,0.7493925822171532,BUY,92067.40542999998,51560.24283340751,0.5600271083191262,25.780121416703754,206240.97133363003,0.49939258221715327
2025-12-06 00:00:00+08:00,2025-12-05 20:00:00+08:00,Bull -> Consolidation,transition,Consolidation,Bull -> Consolidation,0.35,0.4962895418679265,SELL,90368.88066,50904.22516071255,-0.5632937443613186,25.452112580356275,203616.90064285026,0.7462895418679265
2026-01-05 08:00:00+08:00,2026-01-05 04:00:00+08:00,Consolidation -> Bull,transition,Bull,Consolidation -> Bull,0.85,0.749166230242041,BUY,91621.26973999999,51183.903914475,0.5586465245430794,25.5919519572375,204735.61565789988,0.49916623024204093
2026-01-08 00:00:00+08:00,2026-01-07 20:00:00+08:00,Bull -> Consolidation,transition,Consolidation,Bull -> Consolidation,0.35,0.49882764258900114,SELL,91258.60005,51089.43402083812,-0.5598314459442348,25.54471701041906,204357.7360833525,0.7488276425890011
2026-01-14 20:00:00+08:00,2026-01-14 16:00:00+08:00,Consolidation -> Bull,transition,Bull,Consolidation -> Bull,0.85,0.7580132555481502,BUY,94887.79299999999,52030.31625635555,0.5483351926665168,26.015158128177777,208121.26502542227,0.5080132555481502
2026-01-17 04:00:00+08:00,2026-01-17 00:00:00+08:00,Bull -> Consolidation,transition,Consolidation,Bull -> Consolidation,0.35,0.5084514819058902,SELL,94907.08791,52097.78620641622,-0.5489346196758279,26.04889310320811,208391.14482566487,0.7584514819058902
2026-01-21 12:00:00+08:00,2026-01-21 08:00:00+08:00,Consolidation -> Bear,transition,Bear,Consolidation -> Bear,0.2,0.24328903670613117,SELL,89342.89767,50525.99852200914,-0.5655289881981856,25.26299926100457,202103.9940880366,0.49328903670613117
2026-01-23 12:00:00+08:00,2026-01-23 08:00:00+08:00,Bear -> Consolidation,transition,Consolidation,Bear -> Consolidation,0.6,0.4941419416437925,BUY,90014.70477999999,50574.65596952571,0.5618488234020481,25.287327984762854,202298.62387810287,0.2441419416437925
2026-01-30 20:00:00+08:00,2026-01-30 16:00:00+08:00,Consolidation -> Bear,transition,Bear,Consolidation -> Bear,0.2,0.22452141184941293,SELL,83068.20864,48674.24860982452,-0.5859551976228161,24.337124304912262,194696.99443929808,0.47452141184941293
2026-02-14 12:00:00+08:00,2026-02-14 08:00:00+08:00,Bear -> Consolidation,transition,Consolidation,Bear -> Consolidation,0.6,0.4435227814170055,BUY,69050.98199999999,46795.80828888272,0.6776993886760759,23.39790414444136,187183.23315553085,0.1935227814170055
2026-02-25 00:00:00+08:00,2026-02-24 20:00:00+08:00,Consolidation -> Bear,transition,Bear,Consolidation -> Bear,0.2,0.2,SELL,63910.00602,40731.63856424559,-0.6373280351671229,20.365819282122796,181089.3070148289,0.42492569680500347
2026-02-26 20:00:00+08:00,2026-02-26 16:00:00+08:00,Bear -> Bull,transition,Bull,Bear -> Bull,1.0,0.4599056396127237,BUY,68119.3513,45833.47478951125,0.6728407407706958,22.916737394755625,183333.899158045,0.20990563961272368
2026-03-05 12:00:00+08:00,2026-03-05 08:00:00+08:00,Consolidation -> Bull,transition,Bull,Consolidation -> Bull,0.85,0.7255847590188984,BUY,72570.38789,47192.89244934551,0.6503050875362424,23.596446224672757,188771.56979738208,0.4755847590188984
2026-03-07 20:00:00+08:00,2026-03-07 16:00:00+08:00,Bull -> Bear,transition,Bear,Bull -> Bear,0.15,0.4627021793433812,SELL,67941.99,45056.20617985002,-0.6631569987845516,22.52810308992501,180224.82471940012,0.7127021793433812
2026-03-09 04:00:00+08:00,2026-03-09 00:00:00+08:00,Bear,regime,Bear,Bear,0.2,0.21015563041691443,SELL,67270.07259000001,44833.23477173216,-0.6664662760955132,22.416617385866083,179332.93908692864,0.46015563041691443
2026-03-10 08:00:00+08:00,2026-03-10 04:00:00+08:00,Bear -> Consolidation,transition,Consolidation,Bear -> Consolidation,0.6,0.4626719461741159,BUY,68500.59216,44969.40472050381,0.656481985082212,22.484702360251905,179877.61888201523,0.21267194617411586
2026-03-17 04:00:00+08:00,2026-03-17 00:00:00+08:00,Consolidation -> Bull,transition,Bull,Consolidation -> Bull,0.85,0.7319638907606029,BUY,74036.96299999999,46633.23871391156,0.629864284329323,23.31661935695578,186532.95485564624,0.48196389076060286
2026-03-21 08:00:00+08:00,2026-03-21 04:00:00+08:00,Bull -> Consolidation,transition,Consolidation,Bull -> Consolidation,0.35,0.4725076422692963,SELL,70440.21927,45023.0875309157,-0.6391673393056957,22.511543765457848,180092.35012366282,0.7225076422692963
2026-03-28 16:00:00+08:00,2026-03-28 12:00:00+08:00,Consolidation -> Bear,transition,Bear,Consolidation -> Bear,0.2,0.20809550592046983,SELL,66494.92851,43815.29765385665,-0.6589269081967264,21.907648826928327,175261.19061542657,0.4580955059204698
2026-03-30 00:00:00+08:00,2026-03-29 20:00:00+08:00,Consolidation,regime,Consolidation,Consolidation,0.55,0.45782808729088176,BUY,66589.53300999998,43793.592846119245,0.6576648140713437,21.896796423059623,175174.371384477,0.20782808729088176
2026-04-07 04:00:00+08:00,2026-04-07 00:00:00+08:00,Consolidation -> Bull,transition,Bull,Consolidation -> Bull,0.85,0.7194916992095364,BUY,69809.25951999999,44746.10814441339,0.6409766906579758,22.373054072206696,178984.4325776535,0.4694916992095363
2026-04-13 12:00:00+08:00,2026-04-13 08:00:00+08:00,Bull -> Consolidation,transition,Consolidation,Bull -> Consolidation,0.35,0.4730446650040232,SELL,70905.01401,45299.94520322172,-0.6388821134261803,22.649972601610862,181199.7808128869,0.7230446650040232
2026-04-15 00:00:00+08:00,2026-04-14 20:00:00+08:00,Consolidation -> Bull,transition,Bull,Consolidation -> Bull,0.85,0.7377891877446933,BUY,75392.37705999998,46592.89639285712,0.6180054033284665,23.29644819642856,186371.58557142847,0.48778918774469326
2026-04-17 12:00:00+08:00,2026-04-17 08:00:00+08:00,Bull -> Consolidation,transition,Consolidation,Bull -> Consolidation,0.35,0.4860024015189507,SELL,74541.20418,46255.4855298272,-0.6205357967940893,23.127742764913602,185021.9421193088,0.7360024015189507
